Emoji,Unicode Name,Description
🌡️,Thermometer,fever
☕,Hot Beverage,breakfast beverage
☕,Hot Beverage,breakfast cereal
✈️,Airplane,airport
💡,Light Bulb,bulb
💡,Light Bulb,light bulb
💊,Pill,pill
💊,Pill,medical
😊,Smiling Face with Smiling Eyes,happy vibes
😊,Smiling Face with Smiling Eyes,happy mondays
😊,Smiling Face with Smiling Eyes,cool vibes
⚽,Soccer Ball,global popular sport
⚽,Soccer Ball,most popular sport
⚽,Soccer Ball,global extreme sport
🔋,Battery,battery
🥪,Sandwich,cold sandwich
🥪,Sandwich,pork sandwich
🥪,Sandwich,cheese sandwich
🥪,Sandwich,sandwich
⌚,Watch,wear
🖼️,Framed Picture,framed art
🖼️,Framed Picture,visual art
🖼️,Framed Picture,fine art
🖼️,Framed Picture,art
😍,Smiling Face with Heart-Eyes,loving it
😍,Smiling Face with Heart-Eyes,face with hearts
😍,Smiling Face with Heart-Eyes,loving hearts
🔑,Key,metal key
🔑,Key,encryption key
🔑,Key,key
📡,Satellite Antenna,dish
📡,Satellite Antenna,antenna
❄️,Snowflake,crystal
🏀,Basketball,jersey
🎾,Tennis,slam
🎾,Tennis,tennis racket
🌡️,Thermometer,mercury or digital
🙏,Folded Hands,gratitude
🔭,Telescope,telescope
💡,Light Bulb,symbol of creativity
💡,Light Bulb,symbolizing creativity
💡,Light Bulb,festival of creativity
📏,Straight Ruler,measuring length
📏,Straight Ruler,length
❤️,Red Heart,love you forever
❤️,Red Heart,loving you forever
❤️,Red Heart,love is forever
❤️,Red Heart,thank you forever
📑,Bookmark Tabs,reading
🕰️,Mantelpiece Clock,ticking clock
🕰️,Mantelpiece Clock,countdown clock
🕰️,Mantelpiece Clock,cuckoo clock
🕰️,Mantelpiece Clock,clock
⌚,Watch,watch
⌚,Watch,time
😴,Sleeping Face,snoring face
😴,Sleeping Face,snoring noises
💡,Light Bulb,electric glass bulb
💡,Light Bulb,cast glass bulb
💡,Light Bulb,electric glassware
💡,Light Bulb,electric electric bulb
✈️,Airplane,jet plane
✈️,Airplane,projective plane
✈️,Airplane,jetliner
🗺️,World Map,borders
🖋️,Fountain Pen,metal nib
🖋️,Fountain Pen,see nib
🚂,Locomotive,freight and passengers
🚂,Locomotive,freight transport passengers
🚂,Locomotive,freight and passenger
🚂,Locomotive,cargo and passengers
☀️,Sun,star
🖋️,Fountain Pen,fountain
🐶,Dog Face,animal puppy
🐶,Dog Face,sweet puppy
🐶,Dog Face,animal welfare
🐶,Dog Face,skinny puppy
🍎,Red Apple,skin apple
🍎,Red Apple,candy apple
🍎,Red Apple,skin color
🍔,Hamburger,patty burger
🍔,Hamburger,jimmy burger
🍔,Hamburger,patty griffin
🍔,Hamburger,patty hearst
🤣,Rolling on the Floor Laughing,laughter
🤣,Rolling on the Floor Laughing,laughing
🔦,Flashlight,light in dark
🔦,Flashlight,light in blue
🔦,Flashlight,light or dark
💰,Money Bag,rich and wealthy
💰,Money Bag,prosperous and wealthy
💰,Money Bag,powerful and wealthy
💰,Money Bag,rich or wealthy
🍰,Shortcake,pastry
⚽,Soccer Ball,goals
🚀,Rocket,blast off
🚀,Rocket,blastoff
🚀,Rocket,hats off
🚀,Rocket,blast blast
🎾,Tennis,grand
📸,Camera with Flash,lens camera
📸,Camera with Flash,single camera
📸,Camera with Flash,digital camera
😂,Face with Tears of Joy,hysterical
🌍,Globe Showing Europe-Africa,planet
✨,Sparkles,shimmering in the sun
✨,Sparkles,dancing in the sun
✨,Sparkles,shimmering beneath the sun
✨,Sparkles,shimmering in midday sun
🍰,Shortcake,piece of pastry
🍰,Shortcake,piecewise pastry
🍰,Shortcake,piece of furniture
🍰,Shortcake,piece a pastry
💊,Pill,pharmacy item
💊,Pill,pharmacy institute
💊,Pill,household item
💊,Pill,pharmacy journal
✨,Sparkles,clean
📍,Round Pushpin,fixed mark
📍,Round Pushpin,saint mark
📍,Round Pushpin,fixed points
📍,Round Pushpin,st mark
🔑,Key,key secret
🔑,Key,deadly secret
🔑,Key,keyword
🔑,Key,top secret
💰,Money Bag,prosperity bag
💰,Money Bag,sleeping bag
🍷,Wine Glass,merlot wine
🍷,Wine Glass,sparkling wine
🍷,Wine Glass,white wine
🍷,Wine Glass,merlotta
😍,Smiling Face with Heart-Eyes,heart for you
😍,Smiling Face with Heart-Eyes,heart for love
😍,Smiling Face with Heart-Eyes,pray for you
📍,Round Pushpin,specific spot
📍,Round Pushpin,specificities
📍,Round Pushpin,playoff spot
💊,Pill,pill
🚲,Bicycle,riding
🔨,Hammer,construction work
🔨,Hammer,restoration work
🔨,Hammer,charity work
🧼,Soap,hygiene product
🧼,Soap,end product
🧼,Soap,hygiene education
🧼,Soap,hygiene department
⌚,Watch,seconds watch
⌚,Watch,seconds delay
⌚,Watch,night watch
🔬,Microscope,medical microscope
🔬,Microscope,medical ethics
🔬,Microscope,optical microscope
🧹,Broom,chore
🖼️,Framed Picture,art
🔦,Flashlight,search
🌡️,Thermometer,tube
🔑,Key,symbolic
🍺,Beer Mug,celebration
🍺,Beer Mug,drink
🍎,Red Apple,eating
😎,Smiling Face with Sunglasses,cool
🔒,Locked,digital security
🔒,Locked,cyber security
🔒,Locked,homeland security
🔒,Locked,social security
📸,Camera with Flash,pro photographer
📸,Camera with Flash,photographer
📸,Camera with Flash,camera
✂️,Scissors,haircutting tool
✂️,Scissors,haircutting techniques
✂️,Scissors,haircutting
🙄,Face with Rolling Eyes,feeling impatient right now
🙄,Face with Rolling Eyes,very impatient right now
🙄,Face with Rolling Eyes,feeling impatient right away
🎈,Balloon,balloon air
🎈,Balloon,balloon landing
📈,Chart Increasing,chart
🤣,Rolling on the Floor Laughing,completely ridiculous and funny
🤣,Rolling on the Floor Laughing,completely ridiculous and stupid
🤣,Rolling on the Floor Laughing,completely ridiculousally funny
🤣,Rolling on the Floor Laughing,completely ridiculous and ridiculous
😍,Smiling Face with Heart-Eyes,beautiful face
😍,Smiling Face with Heart-Eyes,doll face
😍,Smiling Face with Heart-Eyes,smiley face
😍,Smiling Face with Heart-Eyes,beautiful skies
💡,Light Bulb,glowing yellow light
💡,Light Bulb,glowing yellow wings
💡,Light Bulb,pale yellow light
💡,Light Bulb,glowing yellow clouds
❄️,Snowflake,cold snow
❄️,Snowflake,phoebe snow
❄️,Snowflake,coldwater
🍺,Beer Mug,craft beer
🍺,Beer Mug,crafting
🍺,Beer Mug,craftcraft
🧸,Teddy Bear,child
👍,Thumbs Up,roger that
👍,Thumbs Up,suppose that
👍,Thumbs Up,note that
🥗,Green Salad,vegan meal option
🥗,Green Salad,instant meal option
💀,Skull,bony
🍷,Wine Glass,dining wine
🍷,Wine Glass,dining hall
🍷,Wine Glass,dining rooms
🍷,Wine Glass,dining room
🔑,Key,answer
☕,Hot Beverage,drink cup
☕,Hot Beverage,drinkout
🙏,Folded Hands,thankful heart
🙏,Folded Hands,broken heart
🙏,Folded Hands,thankfulness
🙏,Folded Hands,my heart
⌚,Watch,track
🔬,Microscope,microscope lab
🔬,Microscope,science lab
🔬,Microscope,microscopearium
📑,Bookmark Tabs,tool organization
📑,Bookmark Tabs,toolkit
📑,Bookmark Tabs,toolworks
📑,Bookmark Tabs,toolbox
📏,Straight Ruler,drawing accurate lines
📏,Straight Ruler,drawing accurate maps
📏,Straight Ruler,drawing vertical lines
🚂,Locomotive,train steam
🚂,Locomotive,compressed steam
🚂,Locomotive,train service
🖋️,Fountain Pen,quality
🖋️,Fountain Pen,pen
🏮,Red Paper Lantern,traditional
🔬,Microscope,project
🏀,Basketball,court ball
🤔,Thinking Face,what do you mean
🤔,Thinking Face,how do you mean
👍,Thumbs Up,sounds perfect
👍,Thumbs Up,pitch perfect
👍,Thumbs Up,soundscape
🧼,Soap,liquid soap
🧼,Soap,liquid crystals
🧼,Soap,liquid helium
🍰,Shortcake,delicious sugar treat
🍰,Shortcake,delicious potato treat
🍰,Shortcake,delicious chocolate treat
🐶,Dog Face,dog puppy
🐶,Dog Face,dogma
🐶,Dog Face,wee puppy
🧸,Teddy Bear,brown
🧹,Broom,broom house
🧹,Broom,broomfield
🧹,Broom,manor house
😂,Face with Tears of Joy,im wheezing
😂,Face with Tears of Joy,loud wheezing
😂,Face with Tears of Joy,nasal wheezing
🚽,Toilet,toilet hygiene
🚽,Toilet,oral hygiene
🚽,Toilet,toilet cleaner
🚽,Toilet,toilet stall
🍺,Beer Mug,party beer
🍺,Beer Mug,party list
🍺,Beer Mug,party affiliation
🍺,Beer Mug,celebration with alcohol
🍺,Beer Mug,celebration with applause
🍺,Beer Mug,experimenting with alcohol
🍺,Beer Mug,celebration of alcohol
🌡️,Thermometer,weather thermometer
🌡️,Thermometer,gas thermometer
🌡️,Thermometer,electron thermometer
🌡️,Thermometer,weather reports
🚲,Bicycle,bike wheels
🚲,Bicycle,bikewalk
🚲,Bicycle,bike shop
📂,Open File Folder,storage
☕,Hot Beverage,hot
🕯️,Candle,peaceful
💀,Skull,spooky skeleton head
💀,Skull,dwarf skeleton head
💀,Skull,spooky skeleton simulator
🌈,Rainbow,peace symbol
🌈,Rainbow,vertex symbol
🌈,Rainbow,peace corps
🌈,Rainbow,peacebuilding
☕,Hot Beverage,tea
🏠,House,my sweet home
🏠,House,my childhood home
🏠,House,my sweet dreams
🏠,House,come sweet home
🕰️,Mantelpiece Clock,ticking time
❤️,Red Heart,kindness and love
❤️,Red Heart,kindness and generosity
❤️,Red Heart,kindness and kindness
❤️,Red Heart,kindness of love
🧭,Compass,dial compass
🧭,Compass,dialog
🧭,Compass,polar compass
😴,Sleeping Face,time to go to bed
😴,Sleeping Face,time to get to bed
😴,Sleeping Face,time to go to work
🍎,Red Apple,apple
🍎,Red Apple,fruit
🕯️,Candle,soft flame
🕯️,Candle,softwood
😍,Smiling Face with Heart-Eyes,heart eyes only
😍,Smiling Face with Heart-Eyes,heart eyesight
😍,Smiling Face with Heart-Eyes,heart beat only
🧭,Compass,hiking gear
🧭,Compass,hiking tours
🧭,Compass,landing gear
🔑,Key,lock
📱,Mobile Phone,phone device
📱,Mobile Phone,phone calls
📱,Mobile Phone,mobile device
📱,Mobile Phone,mobile
🪒,Razor,blade
🪒,Razor,sharp blade
🪒,Razor,steel blade
🪒,Razor,sharpwood
🪒,Razor,razor blade
🚪,Door,house door
🚪,Door,housepage
🚪,Door,next door
🚪,Door,housewives
❤️,Red Heart,sweet love
❤️,Red Heart,sweet sixteen
❤️,Red Heart,sweet dreams
📸,Camera with Flash,taking a picture
📸,Camera with Flash,taking this picture
📸,Camera with Flash,shoot a picture
📸,Camera with Flash,taking a chance
🔑,Key,key opening
🔑,Key,grand opening
🔑,Key,season opening
🔑,Key,keywords
🥪,Sandwich,healthy bread layers
🥪,Sandwich,wheat bread layers
🥪,Sandwich,healthy bread pudding
🤣,Rolling on the Floor Laughing,ridiculous funny
🤣,Rolling on the Floor Laughing,ridiculousness
🧭,Compass,compass north
🧭,Compass,winnipeg north
🧭,Compass,dunedin north
🧭,Compass,further north
🔭,Telescope,telescope tool
🔭,Telescope,simulation tool
🔭,Telescope,telescopework
🔭,Telescope,telescope observatory
🎾,Tennis,tennis volley
🎾,Tennis,volley volley
🎾,Tennis,tennis tournament
🔥,Fire,flames of passion
🔥,Fire,flames and passion
🔥,Fire,songs of passion
🔥,Fire,flames of paradise
🔌,Electric Plug,plug
🤡,Clown Face,colorful face
🤡,Clown Face,doll face
🤡,Clown Face,poker face
🌈,Rainbow,after storm
🌈,Rainbow,afterword
🌈,Rainbow,desert storm
🧺,Basket,farm basket
🧺,Basket,tallinn basket
🧺,Basket,valencia basket
❄️,Snowflake,snow flake
❄️,Snowflake,strawberry flake
❄️,Snowflake,snowstorm
✂️,Scissors,paper
💔,Broken Heart,loss
🎈,Balloon,string and balloon
🎈,Balloon,balloon and balloon
🎈,Balloon,string and orchestra
🎈,Balloon,stringtail balloon
🏀,Basketball,basketball
😎,Smiling Face with Sunglasses,dark shades
😎,Smiling Face with Sunglasses,fifty shades
😎,Smiling Face with Sunglasses,blue shades
😊,Smiling Face with Smiling Eyes,a warm friendly smile
😊,Smiling Face with Smiling Eyes,a warm friendly climate
😊,Smiling Face with Smiling Eyes,a slightly friendly smile
😊,Smiling Face with Smiling Eyes,a warm friendly environment
🔑,Key,key house
🔑,Key,fisher house
✨,Sparkles,shining like a star
✨,Sparkles,looks like a star
✨,Sparkles,shining like another star
🍺,Beer Mug,friends beer
🍺,Beer Mug,friends club
🍺,Beer Mug,root beer
🔥,Fire,fire starter
🔥,Fire,firefly
🔥,Fire,denotes starter
🔥,Fire,fire brigade
🛳️,Passenger Ship,deck
🙏,Folded Hands,appreciative heart
🙏,Folded Hands,appreciativeness
🙏,Folded Hands,asking for a blessing
🙏,Folded Hands,pray for a blessing
🙏,Folded Hands,asking for a job
🙏,Folded Hands,asking for divine blessing
🧪,Test Tube,clear glass tube
🧪,Test Tube,stainless glass tube
🧪,Test Tube,clear glass window
🧪,Test Tube,clear vacuum tube
🚪,Door,wooden
🌍,Globe Showing Europe-Africa,geography earth
🌍,Globe Showing Europe-Africa,google earth
🌍,Globe Showing Europe-Africa,hello earth
🌍,Globe Showing Europe-Africa,geography department
🌍,Globe Showing Europe-Africa,earth from space
🌍,Globe Showing Europe-Africa,earth from afar
🌍,Globe Showing Europe-Africa,earth to space
🧺,Basket,farm
✈️,Airplane,flying flight
✈️,Airplane,flying circus
✈️,Airplane,flying fortress
✈️,Airplane,cabin
💊,Pill,healthcare treatment
💊,Pill,cancer treatment
💊,Pill,wastewater treatment
🍕,Pizza,ordering
🧺,Basket,storage
🍺,Beer Mug,social
🕰️,Mantelpiece Clock,clock classic
🕰️,Mantelpiece Clock,clockwork
🕰️,Mantelpiece Clock,clocktower
📏,Straight Ruler,precision tool
📏,Straight Ruler,precision arithmetic
📏,Straight Ruler,mapping tool
🚿,Shower,bath
🔦,Flashlight,beam
🔑,Key,security key
🔑,Key,security measures
🔑,Key,security services
🎁,Wrapped Gift,wrapped with a ribbon
🎁,Wrapped Gift,wrapped with silver ribbon
🎁,Wrapped Gift,ribbon with a ribbon
🎁,Wrapped Gift,wrapped with a rope
💔,Broken Heart,shattered
🧺,Basket,laundry
💰,Money Bag,money jackpot
💰,Money Bag,celebrity jackpot
💰,Money Bag,moneyball
💻,Laptop,working on computer
💻,Laptop,video on computer
📚,Books,piles of literature
📚,Books,faculty of literature
📚,Books,piles of rocks
📚,Books,piles of rubbish
🧬,DNA,code dna
🧬,DNA,codebase
🧬,DNA,codename
🚽,Toilet,bowl toilet
🚽,Toilet,portable toilet
🚽,Toilet,bowl iii
🔭,Telescope,astronomy hobby
🔭,Telescope,animal hobby
🔭,Telescope,astronomy observatory
🚪,Door,door frame
🚪,Door,door open
🚪,Door,wire frame
👍,Thumbs Up,great
💻,Laptop,internet
🔌,Electric Plug,wall
🧸,Teddy Bear,nursery
❄️,Snowflake,design
😎,Smiling Face with Sunglasses,boss mode
😎,Smiling Face with Sunglasses,bossier
😎,Smiling Face with Sunglasses,multiplayer mode
🛋️,Couch and Lamp,home decor
🛋️,Couch and Lamp,interior decor
🛋️,Couch and Lamp,home rule
🛋️,Couch and Lamp,homepage
😭,Loudly Crying Face,i am suffering
😭,Loudly Crying Face,i am alive
😭,Loudly Crying Face,i was suffering
😭,Loudly Crying Face,i remember suffering
🍦,Soft Serve,sun melting
🍦,Soft Serve,ozone melting
🍦,Soft Serve,snow melting
🍦,Soft Serve,sundar
🚽,Toilet,porcelain toilet
🚽,Toilet,porcelain porcelain
🚽,Toilet,flush toilet
🚽,Toilet,porcelain factory
💀,Skull,i am dead from laughter
💀,Skull,i lay dead from laughter
💀,Skull,me am dead from laughter
🗺️,World Map,study map
🗺️,World Map,google map
🗺️,World Map,study abroad
🗺️,World Map,digital map
🔌,Electric Plug,wire plug
🔌,Electric Plug,wireworm
🔌,Electric Plug,butt plug
🔌,Electric Plug,usb plug
🏮,Red Paper Lantern,asian
🛁,Bathtub,soap bath
🛁,Bathtub,soap opera
🛁,Bathtub,bubble bath
🙏,Folded Hands,requesting
🐶,Dog Face,dog pet
🐶,Dog Face,baby pet
🐶,Dog Face,penguin pet
💻,Laptop,technology
🧸,Teddy Bear,nursery decor
🧸,Teddy Bear,nursery rhymes
🧸,Teddy Bear,floral decor
🧸,Teddy Bear,interior decor
👍,Thumbs Up,ready
✏️,Pencil,creative
🛋️,Couch and Lamp,sofa couch
🛋️,Couch and Lamp,sofa lounge
🧭,Compass,instrument compass
🧭,Compass,instrument maker
🧭,Compass,compass compass
☀️,Sun,shining
📡,Satellite Antenna,modern tech
📡,Satellite Antenna,virginia tech
📡,Satellite Antenna,modern dance
⌚,Watch,watch minutes
⌚,Watch,30 minutes
⌚,Watch,watchdog
⌚,Watch,90 minutes
💡,Light Bulb,idea
🍎,Red Apple,classic garden fruit
🍎,Red Apple,classic sweet fruit
🍎,Red Apple,classic apple fruit
🍎,Red Apple,classic garden garden
💰,Money Bag,cash
😊,Smiling Face with Smiling Eyes,feeling happy and content
😊,Smiling Face with Smiling Eyes,feeling confident and content
😊,Smiling Face with Smiling Eyes,feeling happy feeling content
😊,Smiling Face with Smiling Eyes,feeling happy and alive
🕰️,Mantelpiece Clock,style
🔬,Microscope,microscope medical
🔬,Microscope,microscope microscopy
🛳️,Passenger Ship,water
🚪,Door,room
🧬,DNA,dna structure
🧬,DNA,dna sequencing
🧬,DNA,cellular structure
🧬,DNA,crystal structure
🪒,Razor,barber razor
🪒,Razor,black razor
🪒,Razor,barber shop
🚲,Bicycle,exercise
🕯️,Candle,candle warm
🕯️,Candle,summer warm
🕯️,Candle,candlewood
🕯️,Candle,very warm
🛋️,Couch and Lamp,sitting
🍺,Beer Mug,drinking beer
🍺,Beer Mug,drinking water
🍺,Beer Mug,drinking disorders
🍺,Beer Mug,rye beer
🧬,DNA,ancestry and genes
🧬,DNA,diseases and genes
🧬,DNA,genes and genes
🧬,DNA,ancestry index genes
🔭,Telescope,telescope exploration
🔭,Telescope,telescope array
🔭,Telescope,mineral exploration
🕰️,Mantelpiece Clock,timepiece
📂,Open File Folder,digital folder
📂,Open File Folder,outer folder
📂,Open File Folder,digital download
📂,Open File Folder,pdf folder
🖼️,Framed Picture,hanging artwork
🖼️,Framed Picture,hanging bells
💰,Money Bag,saving up coins
💰,Money Bag,saving silver coins
💰,Money Bag,saving 100 coins
⚽,Soccer Ball,team
🧼,Soap,washing soap
🧼,Soap,bbc soap
🧼,Soap,washing machine
🧼,Soap,daily soap
🔦,Flashlight,gear
🎸,Guitar,loud guitar
🎸,Guitar,acoustic guitar
🎸,Guitar,bass guitar
🎸,Guitar,loud noise
🏠,House,property
😊,Smiling Face with Smiling Eyes,simple joy and happiness
😊,Smiling Face with Smiling Eyes,simple joyous happiness
😊,Smiling Face with Smiling Eyes,eternal joy and happiness
😊,Smiling Face with Smiling Eyes,simple joy and sorrow
🍕,Pizza,dough pizza
🍕,Pizza,pizza pizza
🍕,Pizza,dougherty
🚲,Bicycle,cycling bike
🚲,Bicycle,dirt bike
🚲,Bicycle,electric bike
🚲,Bicycle,cycling australia
🛳️,Passenger Ship,ship vacation
🛳️,Passenger Ship,shipwright
🚗,Automobile,car motor
🚗,Automobile,electric motor
🚗,Automobile,honda motor
🚗,Automobile,yamaha motor
🔌,Electric Plug,machine
💰,Money Bag,making lots of money
💰,Money Bag,making lots of noises
💰,Money Bag,worth lots of money
💰,Money Bag,making lots less money
✂️,Scissors,office
🕯️,Candle,soft candle
🕯️,Candle,christmas candle
🌡️,Thermometer,medical checkup
🌡️,Thermometer,medical ethics
🌡️,Thermometer,medical sciences
🍔,Hamburger,classic american food
🍔,Hamburger,classic american songs
🍔,Hamburger,classic chinese food
🍔,Hamburger,latin american food
🏀,Basketball,basketball hoop
🏀,Basketball,golden hoop
🏀,Basketball,basketball tournament
🥪,Sandwich,toast
📑,Bookmark Tabs,tags
🛋️,Couch and Lamp,furniture
😊,Smiling Face with Smiling Eyes,smiling softly
😊,Smiling Face with Smiling Eyes,weep softly
😊,Smiling Face with Smiling Eyes,tread softly
📈,Chart Increasing,trend
🎁,Wrapped Gift,offering gift
🎁,Wrapped Gift,christmas gift
🎁,Wrapped Gift,parting gift
🎁,Wrapped Gift,offering services
✏️,Pencil,pencil school
✏️,Pencil,penciller
✏️,Pencil,high school
✏️,Pencil,pencil drawings
🔒,Locked,locked restricted
🔒,Locked,climate restricted
🔒,Locked,locked rooms
🗺️,World Map,map locations
🗺️,World Map,mapping
🗺️,World Map,map projection
🗺️,World Map,alternate locations
🔥,Fire,great job on the win
🔥,Fire,great emphasis on the win
🔥,Fire,great job on road win
🔥,Fire,great job on to win
🚲,Bicycle,bike health
💀,Skull,skull
❄️,Snowflake,freezing
📓,Notebook,writing
🔥,Fire,things are heating up
🔥,Fire,things are heating hot
🔥,Fire,things are screwed up
🔥,Fire,temperatures are heating up
🎾,Tennis,exercise
❄️,Snowflake,weather
📏,Straight Ruler,plastic
✏️,Pencil,lead
🎾,Tennis,match tennis
🎾,Tennis,match summary
🎾,Tennis,table tennis
🎾,Tennis,match play
🌈,Rainbow,bright happy
🌈,Rainbow,bright skies
🌈,Rainbow,jolly happy
⌚,Watch,watch formal
⌚,Watch,more formal
⌚,Watch,watchtower
⌚,Watch,less formal
🎈,Balloon,balloon birthday
🎈,Balloon,70th birthday
🎈,Balloon,100th birthday
🎈,Balloon,50th birthday
🧪,Test Tube,glass tube
🧪,Test Tube,glass house
🧪,Test Tube,glassware
🧪,Test Tube,lava tube
🧸,Teddy Bear,animal teddy
🧸,Teddy Bear,animal welfare
🤣,Rolling on the Floor Laughing,so funny
🤣,Rolling on the Floor Laughing,pretty funny
🤣,Rolling on the Floor Laughing,how funny
🤣,Rolling on the Floor Laughing,very funny
📍,Round Pushpin,here
🏮,Red Paper Lantern,asian culture
🏮,Red Paper Lantern,asian games
🏮,Red Paper Lantern,pop culture
🏮,Red Paper Lantern,popular culture
🔒,Locked,secure and private
🔒,Locked,secure and reliable
🔒,Locked,parochial and private
🤡,Clown Face,acting foolish
🤡,Clown Face,acting class
🤡,Clown Face,be foolish
🤡,Clown Face,foolish foolish
🍷,Wine Glass,dinner wine
🍷,Wine Glass,dinner party
🍷,Wine Glass,dinnertime
🚀,Rocket,growth progress
🚀,Rocket,overall progress
🚀,Rocket,chart progress
🚀,Rocket,growth rates
🌈,Rainbow,rainbow sky
🌈,Rainbow,grey sky
🌈,Rainbow,vanilla sky
🖋️,Fountain Pen,fancy
🥳,Partying Face,special occasion celebration
🥳,Partying Face,special anniversary celebration
🥳,Partying Face,official occasion celebration
🥳,Partying Face,grand occasion celebration
🔭,Telescope,telescope sky
🔭,Telescope,blue sky
🔭,Telescope,vanilla sky
🐱,Cat Face,meowing
🏀,Basketball,dunking
🔬,Microscope,scientific research
🔬,Microscope,scientific journals
🔬,Microscope,scientific publications
✨,Sparkles,magical moment
✨,Sparkles,critical moment
✨,Sparkles,magical realism
📑,Bookmark Tabs,tab markers
📑,Bookmark Tabs,boundary markers
📑,Bookmark Tabs,tabriz
📑,Bookmark Tabs,tabora
😎,Smiling Face with Sunglasses,ice
🪒,Razor,safety razor
🪒,Razor,steel razor
🪒,Razor,safety indicators
🍔,Hamburger,lunch
🔭,Telescope,astronomy
☀️,Sun,solar energy source
☀️,Sun,solar energy corporation
☀️,Sun,primary energy source
☀️,Sun,solar power source
✂️,Scissors,tool
🥳,Partying Face,loud cheers
🥳,Partying Face,cheers cheers
🥳,Partying Face,loudmouth
🥳,Partying Face,loud noise
📏,Straight Ruler,ruler geometry
📏,Straight Ruler,differential geometry
📏,Straight Ruler,computational geometry
📏,Straight Ruler,rulerdom
🚂,Locomotive,train rail
🚂,Locomotive,commuter rail
🚂,Locomotive,light rail
🚂,Locomotive,via rail
🔥,Fire,super hot trending topic
🔥,Fire,google hot trending topic
🔥,Fire,super hot trending website
🔥,Fire,super hot chocolate topic
🔒,Locked,restricted access
🔒,Locked,public access
🔒,Locked,restricted zone
🔒,Locked,restricted areas
🕰️,Mantelpiece Clock,clock time
🕰️,Mantelpiece Clock,clock tower
🕰️,Mantelpiece Clock,prime time
🕯️,Candle,warm
📱,Mobile Phone,pocket
🚲,Bicycle,bike transport
🚲,Bicycle,rail transport
🔒,Locked,restricted lock
🔒,Locked,sutton lock
🔒,Locked,box lock
📈,Chart Increasing,business chart
📈,Chart Increasing,businessweek
📈,Chart Increasing,track chart
💔,Broken Heart,sad vibes
💔,Broken Heart,sadhu
💔,Broken Heart,ghetto vibes
💔,Broken Heart,sadhana
😭,Loudly Crying Face,mourning a loss
😭,Loudly Crying Face,mourning a woman
😭,Loudly Crying Face,denotes a loss
🔌,Electric Plug,plug outlet
🔌,Electric Plug,plugging
🔌,Electric Plug,sears outlet
🍕,Pizza,tomato
📱,Mobile Phone,using a smartphone
📱,Mobile Phone,using google smartphone
📱,Mobile Phone,using a matrix
📸,Camera with Flash,capturing the moment
📸,Camera with Flash,enjoy the moment
📸,Camera with Flash,capturing the castle
🔬,Microscope,discovery
✨,Sparkles,fresh and clean
✨,Sparkles,neat and clean
✨,Sparkles,fresh and fresh
✨,Sparkles,fresh and sunny
🥳,Partying Face,loud cheers and fun
🥳,Partying Face,loudness and fun
🥳,Partying Face,loud laughter and fun
🥳,Partying Face,loud cheers and applause
💡,Light Bulb,lightfoot
😎,Smiling Face with Sunglasses,stylish and trendy
😎,Smiling Face with Sunglasses,stylish or trendy
😎,Smiling Face with Sunglasses,casual and trendy
🛋️,Couch and Lamp,relaxing couch
🛋️,Couch and Lamp,rocking couch
🛋️,Couch and Lamp,flip couch
🥗,Green Salad,salad vegetable
🥗,Green Salad,potato vegetable
🥗,Green Salad,salad dressing
🙏,Folded Hands,please
🎈,Balloon,air balloon
🎈,Balloon,balloon balloon
🎈,Balloon,air force
🎈,Balloon,helium balloon
🖋️,Fountain Pen,artist tool
🖋️,Fountain Pen,artist award
🖋️,Fountain Pen,learning tool
🚀,Rocket,ambitious goals
🚀,Rocket,field goals
🚀,Rocket,away goals
🖼️,Framed Picture,frame painting
🖼️,Framed Picture,oil painting
🖼️,Framed Picture,frame diagram
🖼️,Framed Picture,landscape painting
🐱,Cat Face,meowing for food
🐱,Cat Face,meowing for thee
🐱,Cat Face,meowing rotten food
🐱,Cat Face,hungry for food
😂,Face with Tears of Joy,hilarious stuff
😂,Face with Tears of Joy,weird stuff
😂,Face with Tears of Joy,fancy stuff
🌍,Globe Showing Europe-Africa,community
🔦,Flashlight,beam of light
🔦,Flashlight,beam of lights
🔦,Flashlight,beam beam light
🔦,Flashlight,beam of electricity
💔,Broken Heart,grief vibes
💔,Broken Heart,cool vibes
💔,Broken Heart,bad vibes
🛁,Bathtub,spot
🏠,House,living home
🏠,House,at home
🏠,House,living spaces
🛏️,Bed,cozy bed
🛏️,Bed,bunk bed
🛏️,Bed,empty bed
🛏️,Bed,feather bed
🧼,Soap,germ
🏠,House,neighborhood living
🏠,House,neighborhood council
🏠,House,sustainable living
☀️,Sun,sunny
😂,Face with Tears of Joy,that killed me
😂,Face with Tears of Joy,that scares me
😂,Face with Tears of Joy,he killed me
🍕,Pizza,dough
📍,Round Pushpin,tracking the spot
📍,Round Pushpin,tracking blind spot
📍,Round Pushpin,tracking the future
📍,Round Pushpin,on the spot
🧸,Teddy Bear,cute gift
🧸,Teddy Bear,cute bunny
🧸,Teddy Bear,christmas gift
👍,Thumbs Up,well played
👍,Thumbs Up,match played
👍,Thumbs Up,well done
👍,Thumbs Up,matches played
🪒,Razor,accessory
🍦,Soft Serve,treat
🌈,Rainbow,hope pride
🌈,Rainbow,gay pride
🌈,Rainbow,hopewell
🌈,Rainbow,national pride
🏮,Red Paper Lantern,glow
🍰,Shortcake,sweet dessert treat
🍰,Shortcake,sweet dessert cake
🍰,Shortcake,apple dessert treat
🍰,Shortcake,strawberry dessert treat
📏,Straight Ruler,edge
🥗,Green Salad,vegan salad
🥗,Green Salad,vegan cuisine
🥗,Green Salad,potato salad
✨,Sparkles,shiny object
✨,Sparkles,virtual object
✨,Sparkles,shiny toys
✨,Sparkles,object object
🕯️,Candle,peaceful ambiance
🕯️,Candle,peaceful revolution
🕯️,Candle,peaceful peace
🚲,Bicycle,outdoor
🔒,Locked,safe
🧹,Broom,broom dust
🧹,Broom,purple dust
🧹,Broom,broomwood
🙏,Folded Hands,appreciation
📚,Books,supplies
🍦,Soft Serve,sun
🙄,Face with Rolling Eyes,annoyed
🎾,Tennis,racket court
🎾,Tennis,racketball
🎾,Tennis,high court
🧪,Test Tube,liquid tube
🧪,Test Tube,vacuum tube
🧪,Test Tube,liquid helium
🧪,Test Tube,neural tube
🥗,Green Salad,bowl salad
🥗,Green Salad,bowl iv
🥗,Green Salad,chicken salad
🍦,Soft Serve,summer
🙏,Folded Hands,prayer hands
🙏,Folded Hands,prayerbook
🙏,Folded Hands,shaking hands
🛁,Bathtub,soap
💔,Broken Heart,pain
🛳️,Passenger Ship,cruise
🕰️,Mantelpiece Clock,hour and minute
🕰️,Mantelpiece Clock,time and minute
🕰️,Mantelpiece Clock,hour and quarter
🕰️,Mantelpiece Clock,hour and half
📂,Open File Folder,office work
📂,Open File Folder,office space
📂,Open File Folder,field work
📂,Open File Folder,charity work
😂,Face with Tears of Joy,so much joy
😂,Face with Tears of Joy,so much fun
😂,Face with Tears of Joy,how much joy
😂,Face with Tears of Joy,so pure joy
🐱,Cat Face,pet
🚀,Rocket,taking off into the sky
🚀,Rocket,taking fire into the sky
🚀,Rocket,taking off from the sky
🚀,Rocket,taking off into the morning
📍,Round Pushpin,location point
📍,Round Pushpin,compass point
📍,Round Pushpin,location unknown
🗺️,World Map,locations and borders
🗺️,World Map,locations beyond borders
🗺️,World Map,locations without borders
🥳,Partying Face,celebrate always
🥳,Partying Face,not always
🥳,Partying Face,almost always
🤡,Clown Face,weird face
🤡,Clown Face,weird stuff
🤡,Clown Face,weird tales
💀,Skull,morbid humor
💀,Skull,morbidity
💀,Skull,wry humor
🧹,Broom,manual cleaning
🧹,Broom,carpet cleaning
🧹,Broom,manual gearbox
🌍,Globe Showing Europe-Africa,news earth
🌍,Globe Showing Europe-Africa,planet earth
🌍,Globe Showing Europe-Africa,newsday
🖼️,Framed Picture,home decoration
🖼️,Framed Picture,home rule
🖼️,Framed Picture,homepage
🖼️,Framed Picture,civilian decoration
🚲,Bicycle,bike cycling
🚲,Bicycle,track cycling
🚲,Bicycle,bike ride
⌚,Watch,checking the time
⌚,Watch,checking the data
⌚,Watch,by the time
⌚,Watch,checking real time
🧭,Compass,magnetic compass
🧭,Compass,magnetic resonance
🏠,House,house home
🏠,House,return home
🏠,House,housewives
🙄,Face with Rolling Eyes,sarcasm
🤣,Rolling on the Floor Laughing,hysterical
😎,Smiling Face with Sunglasses,keeping it chill
😎,Smiling Face with Sunglasses,keeping a chill
😎,Smiling Face with Sunglasses,keeping your chill
😎,Smiling Face with Sunglasses,let it chill
🔦,Flashlight,night
🧺,Basket,handle and weave
🧺,Basket,handlefoot weave
🧺,Basket,handle and pull
🧺,Basket,stitch and weave
💀,Skull,bony head
💀,Skull,bonynge
💀,Skull,bony fish
💀,Skull,sphinx head
🧺,Basket,handle
🛏️,Bed,bedroom
📑,Bookmark Tabs,tool
🗺️,World Map,explorer map
🗺️,World Map,explorer explorer
😂,Face with Tears of Joy,side splitting
😂,Face with Tears of Joy,sidewise
😂,Face with Tears of Joy,sidewind
😂,Face with Tears of Joy,orthogonal splitting
🎾,Tennis,yellow fuzzy ball
🎾,Tennis,yellow fuzzy pea
🧸,Teddy Bear,toy teddy
🧸,Teddy Bear,teddy teddy
🧸,Teddy Bear,baby teddy
😎,Smiling Face with Sunglasses,smooth vibe
😎,Smiling Face with Sunglasses,teen vibe
😎,Smiling Face with Sunglasses,dj vibe
😎,Smiling Face with Sunglasses,cool vibe
🕯️,Candle,light candle
🕯️,Candle,lightfoot
🕯️,Candle,lightwood
🚽,Toilet,sanitation toilet
🚽,Toilet,indoor toilet
🚽,Toilet,sanitation department
🚀,Rocket,sky high
🚀,Rocket,skype
🚀,Rocket,mile high
🚀,Rocket,skywalker
🌡️,Thermometer,health thermometer
🌡️,Thermometer,health matters
🌡️,Thermometer,health services
🙄,Face with Rolling Eyes,disbelief look
🙄,Face with Rolling Eyes,nice look
🙄,Face with Rolling Eyes,dirty look
🔑,Key,key access
🔑,Key,restricted access
🔑,Key,internet access
🔥,Fire,burning desire
🔥,Fire,sexual desire
🔥,Fire,burning flame
🔋,Battery,full energy cell
🔋,Battery,solar energy cell
🔋,Battery,thermal energy cell
🏀,Basketball,sports
🚲,Bicycle,two wheel transport
🚲,Bicycle,two wheel wagon
🚲,Bicycle,two rail transport
🚲,Bicycle,fixed wheel transport
💊,Pill,medical treatment
💊,Pill,surgical treatment
💊,Pill,medical ethics
🍺,Beer Mug,cold beer
🍺,Beer Mug,coldplay
🎁,Wrapped Gift,surprise for you
🎁,Wrapped Gift,surprise to you
🎁,Wrapped Gift,lucky for you
☕,Hot Beverage,liquid
🚽,Toilet,porcelain
✈️,Airplane,international airplane
✈️,Airplane,cessna airplane
✈️,Airplane,boeing airplane
✈️,Airplane,international airport
🥗,Green Salad,green
🖋️,Fountain Pen,writing pen
🖋️,Fountain Pen,writing notes
🖋️,Fountain Pen,writing competitions
🪒,Razor,razor
📏,Straight Ruler,ruler construction
📏,Straight Ruler,under construction
🛳️,Passenger Ship,ship
🐱,Cat Face,curious kitten
🐱,Cat Face,curious creatures
🐱,Cat Face,bubble kitten
🎁,Wrapped Gift,wrapped present
🎁,Wrapped Gift,at present
🎁,Wrapped Gift,wrapped up
🐶,Dog Face,friend puppy
🐶,Dog Face,friendlies
📈,Chart Increasing,success chart
📈,Chart Increasing,singles chart
📈,Chart Increasing,depth chart
🥳,Partying Face,happy birthday party
🥳,Partying Face,happy birthday celebration
🥳,Partying Face,happy christmas party
🤡,Clown Face,funny face
🧸,Teddy Bear,teddy cuddly
🧸,Teddy Bear,teddy bear
🧸,Teddy Bear,john cuddly
🧸,Teddy Bear,teddy wilson
📡,Satellite Antenna,space antenna
📡,Satellite Antenna,space shuttle
📡,Satellite Antenna,directional antenna
📑,Bookmark Tabs,page
🚀,Rocket,speed
🍕,Pizza,pepperoni pizza
🍕,Pizza,big pizza
🍕,Pizza,pepperonilla
🔬,Microscope,tool
📚,Books,research
⌛,Hourglass Done,glass
🧪,Test Tube,chemicals
🧪,Test Tube,lab worker
🧪,Test Tube,migrant worker
🧪,Test Tube,postal worker
🧺,Basket,basket laundry
🧺,Basket,basket ball
🧺,Basket,basketball
💡,Light Bulb,brilliant bulb
💡,Light Bulb,flowering bulb
🛁,Bathtub,bathtub bathroom
🛁,Bathtub,bathroom bathroom
🛁,Bathtub,bathtub bath
🎁,Wrapped Gift,offering
📍,Round Pushpin,spot
🚂,Locomotive,locomotive train
🚂,Locomotive,locomotive builder
🚂,Locomotive,passenger train
🚂,Locomotive,express train
🍦,Soft Serve,ice cream
🍦,Soft Serve,icebreaker
🍦,Soft Serve,coconut cream
🍦,Soft Serve,ice hockey
🐶,Dog Face,furry animal companion
🐶,Dog Face,furry animal rescue
🐶,Dog Face,bbc animal companion
🐶,Dog Face,furry animal show
🎁,Wrapped Gift,present gift
🎁,Wrapped Gift,wedding gift
🎁,Wrapped Gift,present incumbent
🔦,Flashlight,flashlight camping
🔦,Flashlight,flashlight beam
🛏️,Bed,dreaming in bed
🛏️,Bed,dreaming on bed
🛏️,Bed,dreaming in dreams
😭,Loudly Crying Face,so depressed
😭,Loudly Crying Face,sometimes depressed
😭,Loudly Crying Face,socially depressed
😭,Loudly Crying Face,highly depressed
🐶,Dog Face,companion
🔨,Hammer,construction hammer
🔨,Hammer,construction schedule
🕯️,Candle,warm light
🕯️,Candle,warm summers
🕯️,Candle,guiding light
🕯️,Candle,artificial light
📱,Mobile Phone,smartphone mobile
📱,Mobile Phone,virgin mobile
📱,Mobile Phone,google mobile
💀,Skull,end of my life
💀,Skull,end is my life
💀,Skull,stories of my life
💀,Skull,end of my journey
📂,Open File Folder,documents folder
📂,Open File Folder,documents online
😴,Sleeping Face,drifting
😎,Smiling Face with Sunglasses,trendy vibes
😎,Smiling Face with Sunglasses,cool vibes
😎,Smiling Face with Sunglasses,trendy boutique
😎,Smiling Face with Sunglasses,bad vibes
🤔,Thinking Face,deep reflection
🤔,Thinking Face,mirror reflection
🤔,Thinking Face,self reflection
🤔,Thinking Face,deep purple
🐶,Dog Face,love for animals
🐶,Dog Face,love for me
🐶,Dog Face,caring for animals
🐶,Dog Face,love loves animals
📑,Bookmark Tabs,marking tabs
📑,Bookmark Tabs,vertical tabs
📑,Bookmark Tabs,the tabs
🤡,Clown Face,silly face
🤡,Clown Face,silly tales
🧪,Test Tube,liquid chemicals
🧪,Test Tube,liquid crystals
🧪,Test Tube,dow chemicals
👍,Thumbs Up,okay then
👍,Thumbs Up,but then
👍,Thumbs Up,since then
😎,Smiling Face with Sunglasses,cool as ice
😎,Smiling Face with Sunglasses,cool vanilla ice
😎,Smiling Face with Sunglasses,cool as rain
⌚,Watch,ticking watch
⌚,Watch,ticking clock
⌚,Watch,facebook watch
🤣,Rolling on the Floor Laughing,losing it
🤣,Rolling on the Floor Laughing,losing percentage
🤣,Rolling on the Floor Laughing,make it
💰,Money Bag,currency
🧼,Soap,soap bubbles
🧼,Soap,soap opera
🧼,Soap,jelly bubbles
🐱,Cat Face,cat face
🐱,Cat Face,smiley face
🐱,Cat Face,poker face
🏮,Red Paper Lantern,asian lantern
🏮,Red Paper Lantern,asian championships
🏮,Red Paper Lantern,green lantern
🌈,Rainbow,color spectrum
🌈,Rainbow,color palette
🌈,Rainbow,color scheme
🌈,Rainbow,broad spectrum
🛳️,Passenger Ship,boat vacation
🛳️,Passenger Ship,boat racing
🛳️,Passenger Ship,summer vacation
🛳️,Passenger Ship,holiday vacation
🖼️,Framed Picture,wall art
🖼️,Framed Picture,wall street
🥪,Sandwich,sandwich cheese
🥪,Sandwich,goat cheese
🥪,Sandwich,cottage cheese
📱,Mobile Phone,usage
📚,Books,piles books
📚,Books,pilestone
💰,Money Bag,coins bag
💰,Money Bag,coinstone
💰,Money Bag,paper bag
🍕,Pizza,tomato sauce and crust
🍕,Pizza,tomato juice and crust
🍕,Pizza,spaghetti sauce and crust
🍕,Pizza,tomato sauce or crust
☕,Hot Beverage,warm hot
☕,Hot Beverage,warm weather
☕,Hot Beverage,blazing hot
☕,Hot Beverage,warm summers
🎁,Wrapped Gift,gift package
🎁,Wrapped Gift,software package
🎁,Wrapped Gift,dvd package
🎁,Wrapped Gift,gift shop
🧹,Broom,broom sweeping
🧹,Broom,snow sweeping
🔔,Bell,bell dinner
🔔,Bell,bellows
🔔,Bell,thanksgiving dinner
🔔,Bell,bellflower
🥳,Partying Face,birthday joy
🥳,Partying Face,sweet joy
🥳,Partying Face,dear joy
🥳,Partying Face,birthday celebration
🧭,Compass,guide
🗺️,World Map,continents and oceans
🗺️,World Map,rivers and oceans
🗺️,World Map,seas and oceans
👍,Thumbs Up,approve
🏮,Red Paper Lantern,lantern
🖼️,Framed Picture,decor
🧬,DNA,ancestry dna
🧬,DNA,fetal dna
🧬,DNA,ancestry index
🧬,DNA,viral dna
🚀,Rocket,engine power start
🚀,Rocket,engine powertrain
🚀,Rocket,engine power unit
🚀,Rocket,electric power start
🤡,Clown Face,making mockery
🤡,Clown Face,making noise
🤡,Clown Face,making noises
🤡,Clown Face,verbal mockery
🧭,Compass,explorer's kit
🧭,Compass,explorer's handbook
🧭,Compass,explorer's digest
🧭,Compass,explorer's guide
🍰,Shortcake,piece
🧼,Soap,supply
🔥,Fire,hot girl summer
🔥,Fire,hot girl magazine
🔥,Fire,bad girl summer
🔥,Fire,hot summer summer
🥪,Sandwich,tasty sandwich
🥪,Sandwich,tasty sauce
🥪,Sandwich,egg sandwich
💀,Skull,feeling extremely tired
💀,Skull,and extremely tired
💀,Skull,feeling extremely lonely
💊,Pill,advice
🕰️,Mantelpiece Clock,shelf ornament
🕰️,Mantelpiece Clock,bronze ornament
🕰️,Mantelpiece Clock,shelford
🕰️,Mantelpiece Clock,floral ornament
📑,Bookmark Tabs,document bookmark
📑,Bookmark Tabs,google bookmark
📑,Bookmark Tabs,digital bookmark
📑,Bookmark Tabs,document analysis
📑,Bookmark Tabs,document organization
🍦,Soft Serve,white swirl
🍦,Soft Serve,dragon swirl
🍦,Soft Serve,white oak
❤️,Red Heart,loving life
❤️,Red Heart,real life
❤️,Red Heart,loving hearts
🔬,Microscope,biology microscope
🔬,Microscope,biology abstracts
🔬,Microscope,electron microscope
🪒,Razor,razor shaving
🪒,Razor,razorfish
🪒,Razor,razorback
🪒,Razor,spray shaving
✨,Sparkles,prestige and high quality
✨,Sparkles,prestige and high prestige
✨,Sparkles,quality and high quality
✨,Sparkles,prestige and quality quality
🪒,Razor,razor tool
🪒,Razor,mapping tool
🪒,Razor,learning tool
🤣,Rolling on the Floor Laughing,joy
🔦,Flashlight,flashlight torch
🔦,Flashlight,silver torch
📸,Camera with Flash,photos
🔦,Flashlight,flashlight search
🔦,Flashlight,internet search
🔦,Flashlight,google search
🏮,Red Paper Lantern,soft glow
🏮,Red Paper Lantern,purple glow
🏮,Red Paper Lantern,softwood
🧸,Teddy Bear,bear toy
🧸,Teddy Bear,toy toy
🧸,Teddy Bear,bear paw
🧸,Teddy Bear,plush toy
🧪,Test Tube,laboratory
🍦,Soft Serve,sweet treat
🍦,Soft Serve,good treat
🍦,Soft Serve,sweet dreams
🍦,Soft Serve,quick treat
💰,Money Bag,wealthy
📈,Chart Increasing,profits
🚗,Automobile,driving
📏,Straight Ruler,straight edge line
📏,Straight Ruler,straight edge curve
📏,Straight Ruler,outer edge line
🎈,Balloon,celebration symbol
🎈,Balloon,celebration day
🎈,Balloon,infinity symbol
🍎,Red Apple,teacher apple
🍎,Red Apple,teacher training
🍎,Red Apple,big apple
🚽,Toilet,flushing water
🚽,Toilet,flushing creek
🚽,Toilet,drinking water
🎈,Balloon,balloon flying
🎈,Balloon,kite flying
🎈,Balloon,hang flying
🍔,Hamburger,dinner
🐶,Dog Face,dog companion
🐶,Dog Face,planetary companion
🐶,Dog Face,doghouse
📸,Camera with Flash,professional photographer
📸,Camera with Flash,professional golfer
📸,Camera with Flash,amateur photographer
🙏,Folded Hands,blessed life
🙏,Folded Hands,blessed mary
🙏,Folded Hands,blessed virgin
🛁,Bathtub,bathtub tub
🛁,Bathtub,bath tub
☕,Hot Beverage,coffee hot
☕,Hot Beverage,coffee house
☕,Hot Beverage,coffee shop
😭,Loudly Crying Face,tragic loss
😭,Loudly Crying Face,shootout loss
😭,Loudly Crying Face,tragically
🥳,Partying Face,festive
📱,Mobile Phone,tool phone
📱,Mobile Phone,toolbox
📱,Mobile Phone,cell phone
🕯️,Candle,light
🥗,Green Salad,salad lettuce
🥗,Green Salad,sweet lettuce
🥗,Green Salad,green lettuce
😍,Smiling Face with Heart-Eyes,loving what i see
😍,Smiling Face with Heart-Eyes,loving what you see
😍,Smiling Face with Heart-Eyes,do what i see
😍,Smiling Face with Heart-Eyes,know what i see
🙄,Face with Rolling Eyes,unimpressed
🏀,Basketball,life
🚂,Locomotive,passengers
❤️,Red Heart,heart emoji
❤️,Red Heart,hyundai emoji
❤️,Red Heart,nissan emoji
🐶,Dog Face,dog face
🐶,Dog Face,dogfight
🐶,Dog Face,poker face
⚽,Soccer Ball,professional soccer
⚽,Soccer Ball,professional tennis
⚽,Soccer Ball,indoor soccer
⚽,Soccer Ball,professional golfer
🍰,Shortcake,sweets cake
🍰,Shortcake,sweetshop
🍰,Shortcake,chocolate cake
✈️,Airplane,taking a flight
✈️,Airplane,taking a picture
✈️,Airplane,taking a chance
🏀,Basketball,net
🔑,Key,opening a lock
🔑,Key,opening gate lock
🔑,Key,opening a window
🪒,Razor,shave face
🪒,Razor,shavers
🎁,Wrapped Gift,gift ribbon
🎁,Wrapped Gift,gift box
🎁,Wrapped Gift,blue ribbon
🍦,Soft Serve,cooling down with sugar
🍦,Soft Serve,cooling down with heat
🍦,Soft Serve,cooling down refined sugar
🍦,Soft Serve,cooling soda with sugar
📓,Notebook,notebook journal
📓,Notebook,physics journal
📓,Notebook,medical journal
📓,Notebook,notebook pages
💡,Light Bulb,electric
⚽,Soccer Ball,professional
🐱,Cat Face,fluffy kitten whiskers
🐱,Cat Face,fluffy tail whiskers
🐱,Cat Face,fluffy bunny whiskers
🐱,Cat Face,fat kitten whiskers
❄️,Snowflake,outdoor
🏠,House,house roof
🏠,House,gable roof
🏠,House,housewife
💡,Light Bulb,thinking
📍,Round Pushpin,mark
😭,Loudly Crying Face,loud sobbing
😭,Loudly Crying Face,slow sobbing
😭,Loudly Crying Face,loud noises
😭,Loudly Crying Face,loudmouth
💰,Money Bag,money cash
💰,Money Bag,johnny cash
💰,Money Bag,money laundering
❤️,Red Heart,heart of gold
❤️,Red Heart,heart is gold
❤️,Red Heart,heartfelt gold
❤️,Red Heart,heart sings gold
🌡️,Thermometer,glass tube measure
🌡️,Thermometer,glass height measure
🌡️,Thermometer,glass tubework
🌡️,Thermometer,glass tube design
⌚,Watch,watch seconds
⌚,Watch,90 seconds
⌚,Watch,watchlist
🛁,Bathtub,water
😭,Loudly Crying Face,i am devastated
😭,Loudly Crying Face,i was devastated
😭,Loudly Crying Face,11 am devastated
😭,Loudly Crying Face,i am dying
⚽,Soccer Ball,football ball
⚽,Soccer Ball,football league
⚽,Soccer Ball,cue ball
⚽,Soccer Ball,football association
💊,Pill,pill healthcare
💊,Pill,meridian healthcare
💊,Pill,heartland healthcare
💊,Pill,pillay
🍦,Soft Serve,vanilla dessert
🍦,Soft Serve,sweet dessert
🍦,Soft Serve,vanilla express
🍦,Soft Serve,apple dessert
🧹,Broom,witch
🚲,Bicycle,bike outdoor
🚲,Bicycle,ladies outdoor
💊,Pill,health and wellness
💊,Pill,nutrition and wellness
💊,Pill,health and nutrition
💊,Pill,health care wellness
😍,Smiling Face with Heart-Eyes,heart shaped eyes
😍,Smiling Face with Heart-Eyes,heart shaped heart
😍,Smiling Face with Heart-Eyes,almond shaped eyes
🚪,Door,door house
🚪,Door,fisher house
🚪,Door,door opens
☀️,Sun,sunrise sun
☀️,Sun,sunrise sunrise
☀️,Sun,midnight sun
📍,Round Pushpin,found spot
📍,Round Pushpin,found here
📍,Round Pushpin,penalty spot
📍,Round Pushpin,blind spot
⌛,Hourglass Done,end time
⌛,Hourglass Done,prime time
⌛,Hourglass Done,end result
🍦,Soft Serve,dairy
🔬,Microscope,lens
📈,Chart Increasing,heights
🧼,Soap,clean
🙏,Folded Hands,namaste spirit
🙏,Folded Hands,namaste temple
🙏,Folded Hands,guiding spirit
😭,Loudly Crying Face,im so sad
😭,Loudly Crying Face,oh so sad
😭,Loudly Crying Face,im so happy
😭,Loudly Crying Face,ima sad
🐱,Cat Face,curious cat
🐱,Cat Face,wild cat
🐱,Cat Face,jungle cat
🚂,Locomotive,train
📈,Chart Increasing,hitting new heights
📈,Chart Increasing,hitting new york
📈,Chart Increasing,papua new heights
📈,Chart Increasing,brand new heights
🔬,Microscope,small detail view
🔬,Microscope,small mountain view
🔬,Microscope,full detail view
✈️,Airplane,flying
😂,Face with Tears of Joy,hilarious joke lol
😂,Face with Tears of Joy,je joke lol
😂,Face with Tears of Joy,mein joke lol
😂,Face with Tears of Joy,no joke lol
✨,Sparkles,glittering gems
✨,Sparkles,glittering skies
🥗,Green Salad,meal salad
🎸,Guitar,strumming guitar
🎸,Guitar,strumming guitars
📸,Camera with Flash,smile camera
📸,Camera with Flash,handheld camera
🍎,Red Apple,fresh from orchard
🍎,Red Apple,fresh fruit orchard
🍎,Red Apple,fresh apple orchard
🎸,Guitar,musician work
🎸,Guitar,musician award
🎸,Guitar,field work
🍔,Hamburger,sesame bun
🍔,Hamburger,sesame street
🍔,Hamburger,sesame workshop
💰,Money Bag,hitting the jackpot
💰,Money Bag,winning the jackpot
💰,Money Bag,hitting softball jackpot
📂,Open File Folder,papers
📑,Bookmark Tabs,page bookmark
📑,Bookmark Tabs,page 128
📑,Bookmark Tabs,page 259
🎾,Tennis,tennis sports
🎾,Tennis,varsity sports
🎾,Tennis,ea sports
🎾,Tennis,tennis academy
📏,Straight Ruler,school ruler
📏,Straight Ruler,school board
📏,Straight Ruler,school directory
✂️,Scissors,scissors
👍,Thumbs Up,nice job
👍,Thumbs Up,desk job
👍,Thumbs Up,odd job
😊,Smiling Face with Smiling Eyes,sweet
🥳,Partying Face,let's party
🥳,Partying Face,democratic party
🥳,Partying Face,let's try
🧪,Test Tube,tube research
🧪,Test Tube,scientific research
🧪,Test Tube,biomedical research
💰,Money Bag,rich
📱,Mobile Phone,computer
☀️,Sun,solar
🕯️,Candle,candle peaceful
🕯️,Candle,candlelight
🕯️,Candle,very peaceful
🌈,Rainbow,colorful sky arc
🌈,Rainbow,dark sky arc
🌈,Rainbow,colorful skyland
🌈,Rainbow,colorful infinite arc
😴,Sleeping Face,drifting sleep
😴,Sleeping Face,drifting skies
😴,Sleeping Face,restless sleep
😭,Loudly Crying Face,weeping loudly
😭,Loudly Crying Face,hum loudly
😭,Loudly Crying Face,sing loudly
😭,Loudly Crying Face,whistle loudly
😂,Face with Tears of Joy,im screaming
😂,Face with Tears of Joy,endless screaming
😂,Face with Tears of Joy,imdb
🍷,Wine Glass,wine toast
🍷,Wine Glass,winemaking
🍷,Wine Glass,winehouse
🍕,Pizza,fast
📱,Mobile Phone,phone digital
📱,Mobile Phone,phone ringing
📱,Mobile Phone,amazon digital
🏀,Basketball,points
🛋️,Couch and Lamp,sofa home
🛋️,Couch and Lamp,at home
📑,Bookmark Tabs,bookmark document
📑,Bookmark Tabs,bookmark printing
📑,Bookmark Tabs,bookmark magazine
🤣,Rolling on the Floor Laughing,floor
🍕,Pizza,cheese pizza
🍕,Pizza,cheese factory
🗺️,World Map,world geography
🗺️,World Map,world record
🗺️,World Map,human geography
🗺️,World Map,computational geography
🔭,Telescope,exploration
🌍,Globe Showing Europe-Africa,view
🛏️,Bed,bed time
🛏️,Bed,bedtime
🛏️,Bed,extra time
🛏️,Bed,bedlam
🎸,Guitar,guitar song
🎸,Guitar,guitar solos
🎸,Guitar,love song
🎸,Guitar,guitar solo
✨,Sparkles,night sky
✨,Sparkles,nighthawks
✨,Sparkles,blue sky
🌍,Globe Showing Europe-Africa,community globe
🌍,Globe Showing Europe-Africa,crystal globe
🌍,Globe Showing Europe-Africa,community outreach
🛏️,Bed,bed rest
🛏️,Bed,no rest
🛏️,Bed,bedouin
🛏️,Bed,at rest
😴,Sleeping Face,nap
🌍,Globe Showing Europe-Africa,marble
❄️,Snowflake,snowflake
🧬,DNA,molecule dna
🧬,DNA,molecule mapping
✂️,Scissors,hobby tool
✂️,Scissors,simulation tool
✂️,Scissors,learning tool
✂️,Scissors,hobbyists
🍷,Wine Glass,toast wine
🍷,Wine Glass,red wine
🍷,Wine Glass,toastmaster
Door,door entry,
🚪,Door,sole entry
🔬,Microscope,magnification lens
🔬,Microscope,magnification microscopy
🔬,Microscope,single lens
🔬,Microscope,magnification microscope
💀,Skull,bony face
💀,Skull,bonyfish
💀,Skull,poker face
💊,Pill,medical capsule
💊,Pill,fruit capsule
💊,Pill,capsule capsule
💊,Pill,medical sciences
🚲,Bicycle,mountain
😂,Face with Tears of Joy,laughing out loud
😂,Face with Tears of Joy,crying out loud
😂,Face with Tears of Joy,laughing out laughing
😂,Face with Tears of Joy,laughing and loud
🔒,Locked,lock
🤣,Rolling on the Floor Laughing,rofl laughing hard
🤣,Rolling on the Floor Laughing,still laughing hard
🚲,Bicycle,riding a bike
🚲,Bicycle,riding my bike
🚲,Bicycle,riding mountain bike
🚲,Bicycle,riding a bull
✏️,Pencil,wooden
🔦,Flashlight,emergency light
🔦,Flashlight,bright light
🔦,Flashlight,emergency services
🔦,Flashlight,emergency response
📈,Chart Increasing,scaling chart
📈,Chart Increasing,scaling function
📈,Chart Increasing,scaling equation
🧹,Broom,sweeping
🙄,Face with Rolling Eyes,dismissive
📸,Camera with Flash,memories
🧼,Soap,hand soap
🧼,Soap,handwritten
🧼,Soap,handmade
🧼,Soap,inside soap
🍎,Red Apple,habits
😎,Smiling Face with Sunglasses,energy vibes
😎,Smiling Face with Sunglasses,energy efficiency
🔔,Bell,music bell
🔔,Bell,joshua bell
🔔,Bell,music publishing
🍔,Hamburger,fast food meal
🍔,Hamburger,staple food meal
🍔,Hamburger,fast meal meal
🍔,Hamburger,fastening meal
😊,Smiling Face with Smiling Eyes,smiling
🚿,Shower,washing shower
🚿,Shower,hot shower
🚿,Shower,washing machine
🏀,Basketball,net ball
🏀,Basketball,netnet
🏀,Basketball,net neutrality
🛳️,Passenger Ship,boat ship
🛳️,Passenger Ship,cargo ship
🛳️,Passenger Ship,liberty ship
😴,Sleeping Face,very sleepy
😴,Sleeping Face,mister sleepy
😴,Sleeping Face,sleepy sleepy
🏮,Red Paper Lantern,lantern light
🏮,Red Paper Lantern,artificial light
🏮,Red Paper Lantern,lantern tower
🍰,Shortcake,food
🔌,Electric Plug,source
🐶,Dog Face,breed
🔔,Bell,classic metal bell
🔔,Bell,classic metal albums
🔔,Bell,tubular metal bell
🧺,Basket,holding goods
🧺,Basket,dry goods
🧺,Basket,canned goods
😊,Smiling Face with Smiling Eyes,positive
✈️,Airplane,departing on trip
✈️,Airplane,departing round trip
✈️,Airplane,click on trip
☀️,Sun,sunny sky
☀️,Sun,sunnydale
☀️,Sun,grey sky
📚,Books,stack books
📚,Books,stack computing
📚,Books,google books
📚,Books,pocket books
🎈,Balloon,supply
🏀,Basketball,basketball game
🏀,Basketball,championship game
🏀,Basketball,basketball team
🏀,Basketball,video game
🌧️,Cloud with Rain,drops
🍺,Beer Mug,social drinking time
🍺,Beer Mug,social drinking disorder
🛏️,Bed,bed pillow
🛏️,Bed,pillow pillow
😎,Smiling Face with Sunglasses,relaxed energy
😎,Smiling Face with Sunglasses,solar energy
😎,Smiling Face with Sunglasses,atomic energy
😎,Smiling Face with Sunglasses,renewable energy
🖋️,Fountain Pen,high quality pen
🖋️,Fountain Pen,high quality photography
🖋️,Fountain Pen,high quality materials
🖋️,Fountain Pen,good quality pen
📈,Chart Increasing,profits rising
📈,Chart Increasing,earth rising
📈,Chart Increasing,moon rising
🌍,Globe Showing Europe-Africa,travel around world
🌍,Globe Showing Europe-Africa,all around world
🌍,Globe Showing Europe-Africa,travel through world
🪒,Razor,shave hair
🪒,Razor,curly hair
📍,Round Pushpin,pin on the map
📍,Round Pushpin,pin on the roof
📍,Round Pushpin,pinning the map
📍,Round Pushpin,appears on the map
💔,Broken Heart,deep emotional pain
💔,Broken Heart,severe emotional pain
💔,Broken Heart,deep chest pain
💔,Broken Heart,deepening pain
🗺️,World Map,path
📸,Camera with Flash,taking picture
📸,Camera with Flash,moving picture
📸,Camera with Flash,best picture
📸,Camera with Flash,taking yields
🌈,Rainbow,magic
🧭,Compass,compass tool
🧭,Compass,learning tool
🧭,Compass,mapping tool
🧭,Compass,compass tower
🚪,Door,privacy and entry
🚪,Door,rank and entry
🚪,Door,privacy net entry
🚪,Door,entry and entry
📸,Camera with Flash,arts
🔌,Electric Plug,electric plug
🔌,Electric Plug,electric bicycles
🔌,Electric Plug,electric tramway
🥪,Sandwich,bread
⌛,Hourglass Done,time glass
⌛,Hourglass Done,tinted glass
⌛,Hourglass Done,time travel
🚂,Locomotive,history
🤡,Clown Face,clowning
📏,Straight Ruler,construction measure
📏,Straight Ruler,construction schedule
📏,Straight Ruler,construction permit
🍎,Red Apple,healthy
💰,Money Bag,profit bag
💰,Money Bag,plastic bag
💰,Money Bag,profitability
💻,Laptop,computer
😴,Sleeping Face,drifting face
😴,Sleeping Face,doll face
💰,Money Bag,bank and currency
💰,Money Bag,banknote currency
💰,Money Bag,bank note currency
💰,Money Bag,bank and trust
☕,Hot Beverage,cup
🙏,Folded Hands,praying
❄️,Snowflake,flake snow
❄️,Snowflake,flake creek
❄️,Snowflake,white snow
😴,Sleeping Face,day face
😴,Sleeping Face,day 13
❤️,Red Heart,pure love and light
❤️,Red Heart,pure air and light
❤️,Red Heart,pure love and happiness
❤️,Red Heart,pure love and devotion
😴,Sleeping Face,long day
😴,Sleeping Face,long island
😴,Sleeping Face,long beach
✂️,Scissors,craft tool
✂️,Scissors,craftcraft
📸,Camera with Flash,lens
📸,Camera with Flash,camera work
📸,Camera with Flash,field work
📸,Camera with Flash,charity work
📸,Camera with Flash,camera lens
⌛,Hourglass Done,sand
📂,Open File Folder,organizing papers
📂,Open File Folder,organizing committee
📂,Open File Folder,occasional papers
📂,Open File Folder,organizing committees
🛋️,Couch and Lamp,couch sofa
Couch and Lamp,plush sofa,
🛋️,Couch and Lamp,sofa sofa
🥳,Partying Face,confetti joy
🥳,Partying Face,confetties
🔬,Microscope,lab
🧬,DNA,dna code
🧬,DNA,zip code
🧬,DNA,morse code
👍,Thumbs Up,okay with me
👍,Thumbs Up,dance with me
👍,Thumbs Up,okay kidding me
👍,Thumbs Up,okay tell me
❤️,Red Heart,i love you
❤️,Red Heart,i love myself
❤️,Red Heart,we love you
⌚,Watch,smart watch
⌚,Watch,smartnet
🥳,Partying Face,party
😊,Smiling Face with Smiling Eyes,peaceful
🏠,House,living house
🏠,House,white house
🔒,Locked,bolt lock
🔒,Locked,boltzman
🔒,Locked,windsor lock
😭,Loudly Crying Face,so much sorrow
😭,Loudly Crying Face,so much fun
😭,Loudly Crying Face,so long sorrow
⌛,Hourglass Done,glass hourglass
⌛,Hourglass Done,glassware
⌛,Hourglass Done,golden hourglass
🧸,Teddy Bear,bear teddy
🧸,Teddy Bear,beartooth
🎾,Tennis,fuzzy ball
🎾,Tennis,roger ball
🎾,Tennis,fuzzy logic
🎾,Tennis,cue ball
💊,Pill,drug pill
💊,Pill,baby pill
💊,Pill,pill pill
🎸,Guitar,band rehearsal time
🎸,Guitar,band first time
🎸,Guitar,band full time
🎸,Guitar,bandcamp time
❤️,Red Heart,sweetheart
✨,Sparkles,magic trick
✨,Sparkles,hat trick
✨,Sparkles,trick trick
✨,Sparkles,cheap trick
⌚,Watch,punctuality
🙄,Face with Rolling Eyes,frustration vibes
🙄,Face with Rolling Eyes,cool vibes
🙄,Face with Rolling Eyes,ghetto vibes
🚂,Locomotive,steam locomotive
🚂,Locomotive,steamroller
🚂,Locomotive,steam locomotives
🚂,Locomotive,stephenson locomotive
🤔,Thinking Face,pondering life
🤔,Thinking Face,pondering questions
🎈,Balloon,flying
🧹,Broom,room
📑,Bookmark Tabs,study
📓,Notebook,take notes
📓,Notebook,sleeve notes
📓,Notebook,liner notes
✈️,Airplane,soaring airplane
✈️,Airplane,soaring winds
🔋,Battery,rechargeable source
🔋,Battery,rechargeable fuel
🔋,Battery,rechargeable batteries
🔋,Battery,data source
📍,Round Pushpin,pin
🧭,Compass,gear compass
🧭,Compass,gearwork
🧭,Compass,electric compass
📍,Round Pushpin,mark point
📍,Round Pushpin,mark morris
📍,Round Pushpin,mark williams
🏠,House,building
🧬,DNA,helix dna
🧬,DNA,mitochondrial dna
🍷,Wine Glass,glass
🏠,House,house building
🏠,House,office building
🏠,House,administration building
🧼,Soap,foam soap
🧼,Soap,foam foam
💀,Skull,dead laughing
💀,Skull,deadpool
💀,Skull,deadwood
❄️,Snowflake,winter wonderland
❄️,Snowflake,winter olympics
💊,Pill,prescription pill
💊,Pill,prescription drugs
💊,Pill,poison pill
🍦,Soft Serve,dessert
🔋,Battery,battery life
🔋,Battery,everyday life
🔋,Battery,real life
🔋,Battery,battery packs
🛋️,Couch and Lamp,design couch
🛋️,Couch and Lamp,crash couch
🛋️,Couch and Lamp,design bureau
📏,Straight Ruler,edge ruler
📏,Straight Ruler,edgewood
📏,Straight Ruler,edgewise
💔,Broken Heart,unrequited vibes
💔,Broken Heart,unrequitedness
🌡️,Thermometer,health
🎁,Wrapped Gift,gift delivery
🎁,Wrapped Gift,drug delivery
🍰,Shortcake,party cake
🍰,Shortcake,party website
🍰,Shortcake,birthday cake
🍰,Shortcake,party list
🍕,Pizza,ordering pizza
🍕,Pizza,domino pizza
🍕,Pizza,ordering yields
☀️,Sun,heat
💰,Money Bag,currency bag
💰,Money Bag,currency exchange
💰,Money Bag,currency notes
❄️,Snowflake,unique snow pattern
❄️,Snowflake,unique mating pattern
❄️,Snowflake,unique snowboarding
❄️,Snowflake,unique snowmobile
🍕,Pizza,favorite fast food
🍕,Pizza,boston fast food
🍕,Pizza,favorite vegetarian food
🍕,Pizza,favorite fast track
🚽,Toilet,bathroom
😎,Smiling Face with Sunglasses,beach day
😎,Smiling Face with Sunglasses,boxing day
😎,Smiling Face with Sunglasses,beach boys
😎,Smiling Face with Sunglasses,beach volleyball
⌛,Hourglass Done,period of time
⌛,Hourglass Done,period in time
⌛,Hourglass Done,period saving time
⌛,Hourglass Done,period of mourning
🌧️,Cloud with Rain,raining outside
🌧️,Cloud with Rain,standing outside
🌧️,Cloud with Rain,just outside
🌧️,Cloud with Rain,raining rain
💀,Skull,tired
🔒,Locked,heavy metal bolt
🔒,Locked,adjustable metal bolt
🔒,Locked,solid metal bolt
😍,Smiling Face with Heart-Eyes,in love
😍,Smiling Face with Heart-Eyes,sweet love
😍,Smiling Face with Heart-Eyes,true love
❄️,Snowflake,falling snowflake
❄️,Snowflake,giant snowflake
❄️,Snowflake,falling skies
🚗,Automobile,car vehicle
🚗,Automobile,armored vehicle
🚗,Automobile,unmanned vehicle
🚗,Automobile,carillon
🍦,Soft Serve,kids treat
🍦,Soft Serve,kids playground
🍦,Soft Serve,kids tv
🥳,Partying Face,cheers
😭,Loudly Crying Face,sad story
😭,Loudly Crying Face,love story
😭,Loudly Crying Face,sadhana
😭,Loudly Crying Face,ghost story
🍷,Wine Glass,sweet wine
🍷,Wine Glass,redwing
🍷,Wine Glass,red arrows
🔔,Bell,bell alert
🔔,Bell,bellingham
🔔,Bell,emergency alert
💻,Laptop,tech
🔥,Fire,spicy food
🔥,Fire,fast food
📚,Books,books study
📚,Books,bookselling
☕,Hot Beverage,caffeine hot
☕,Hot Beverage,red hot
☕,Hot Beverage,caffeine deprivation
☕,Hot Beverage,super hot
🕯️,Candle,candle melting
🕯️,Candle,ice melting
🕯️,Candle,snow melting
🌈,Rainbow,magic arc
🌈,Rainbow,infinite arc
🌈,Rainbow,grand arc
🐶,Dog Face,pet dog
🐶,Dog Face,petropolis
🐶,Dog Face,hound dog
🐶,Dog Face,naughty dog
🤡,Clown Face,weird
🐱,Cat Face,fur
⚽,Soccer Ball,football
📏,Straight Ruler,drawing
🏠,House,residential property
🏠,House,residential buildings
🏠,House,private property
😍,Smiling Face with Heart-Eyes,seeing stars
😍,Smiling Face with Heart-Eyes,seeing things
😍,Smiling Face with Heart-Eyes,rising stars
🖋️,Fountain Pen,ink flow
🖋️,Fountain Pen,inkjet
🐶,Dog Face,puppy
⚽,Soccer Ball,soccer field
⚽,Soccer Ball,soccer academy
⚽,Soccer Ball,soccer illustrated
⚽,Soccer Ball,hayward field
💻,Laptop,internet laptop
💻,Laptop,apple laptop
💻,Laptop,google laptop
🏀,Basketball,court
⌛,Hourglass Done,hourglass time
⌛,Hourglass Done,extra time
⌛,Hourglass Done,all time
🚗,Automobile,car road
🚗,Automobile,caruso
🚗,Automobile,carnation
🚗,Automobile,bloomfield road
🔒,Locked,access
🛁,Bathtub,home spa
🛁,Bathtub,home plate
🛁,Bathtub,home rule
🛁,Bathtub,bath spa
🔋,Battery,energy
🧸,Teddy Bear,monster toy
🤣,Rolling on the Floor Laughing,joyful laughter
🤣,Rolling on the Floor Laughing,joyful chorus
🤣,Rolling on the Floor Laughing,joyful journey
💔,Broken Heart,sad and lonely
💔,Broken Heart,cruel and lonely
💔,Broken Heart,sad and sad
💔,Broken Heart,sad and hopeless
👍,Thumbs Up,positive
🚗,Automobile,personal red vehicle
🚗,Automobile,personal recreational vehicle
🚗,Automobile,bright red vehicle
📓,Notebook,blank
🛋️,Couch and Lamp,lounge furniture
🛋️,Couch and Lamp,antique furniture
🛋️,Couch and Lamp,custom furniture
💊,Pill,drug treatment
💊,Pill,drug trafficking
📓,Notebook,records
🍔,Hamburger,tasty
⌛,Hourglass Done,gravity sand
⌛,Hourglass Done,white sand
⌛,Hourglass Done,gravity tensor
🌍,Globe Showing Europe-Africa,earth globe
🌍,Globe Showing Europe-Africa,earthworks
🌍,Globe Showing Europe-Africa,earthbound
💰,Money Bag,profit
🎾,Tennis,game tennis
🎾,Tennis,game theory
🚂,Locomotive,train history
🚂,Locomotive,train services
🚂,Locomotive,alternate history
📍,Round Pushpin,map mark
📍,Round Pushpin,mapping
📸,Camera with Flash,visual arts work
📸,Camera with Flash,visual art work
📸,Camera with Flash,visual arts center
📸,Camera with Flash,visualization work
🚲,Bicycle,outdoor exercise
🚲,Bicycle,endurance exercise
🚲,Bicycle,physical exercise
🛁,Bathtub,cleaning bath
🛁,Bathtub,spring bath
🛁,Bathtub,bristol bath
😂,Face with Tears of Joy,so funny i can't breathe
😂,Face with Tears of Joy,so bad i can't breathe
😂,Face with Tears of Joy,so funny we can't breathe
😂,Face with Tears of Joy,so far i can't breathe
✏️,Pencil,hand writing
✏️,Pencil,handmade
✏️,Pencil,handwritten
✏️,Pencil,editorial writing
🏀,Basketball,excitement
⌚,Watch,track watch
❤️,Red Heart,deep affection and care
❤️,Red Heart,deep affection for care
❤️,Red Heart,deep learning and care
❤️,Red Heart,deep affection and devotion
🔒,Locked,locked door
🔒,Locked,front door
🔒,Locked,locked doors
🧬,DNA,life sciences
🧬,DNA,lifeguard
🧬,DNA,social sciences
🚗,Automobile,steering
📓,Notebook,notes notebook
📓,Notebook,google notebook
📓,Notebook,digital notebook
📓,Notebook,pocket notebook
😎,Smiling Face with Sunglasses,trendy style
😎,Smiling Face with Sunglasses,art style
🍰,Shortcake,bakery cake
🍰,Shortcake,strawberry cake
❤️,Red Heart,love is in the air
❤️,Red Heart,what is in the air
❤️,Red Heart,love flies in the air
❤️,Red Heart,love rings in the air
🚀,Rocket,blast space
🚀,Rocket,blast furnace
🚀,Rocket,vector space
😂,Face with Tears of Joy,comedy gold
😂,Face with Tears of Joy,comedy central
😂,Face with Tears of Joy,pure gold
🔨,Hammer,building with tools
🔨,Hammer,software with tools
🔨,Hammer,experimenting with tools
🔨,Hammer,building with windows
🍕,Pizza,slice of cheesy pepperoni
🍕,Pizza,slice of pizza pepperoni
🍕,Pizza,slice fried cheesy pepperoni
🍕,Pizza,taste of cheesy pepperoni
👍,Thumbs Up,work
🏠,House,place of rest
🏠,House,ease of rest
🏠,House,places of rest
🏠,House,place to rest
🥗,Green Salad,nutritious plant bowl
🥗,Green Salad,nutritious plantain
🥗,Green Salad,nutritious plant species
🥗,Green Salad,nutritious sugar bowl
💀,Skull,ghost head
💀,Skull,hilton head
💀,Skull,ghost hunters
💀,Skull,ghost stories
✂️,Scissors,sharp metal blades
✂️,Scissors,sharp leaf blades
✂️,Scissors,stainless metal blades
✂️,Scissors,sharp metal plates
🚗,Automobile,traffic
🌧️,Cloud with Rain,falling water drops
🌧️,Cloud with Rain,falling sky drops
🌧️,Cloud with Rain,hot water drops
🌧️,Cloud with Rain,falling water falls
💰,Money Bag,wealthy bag
💰,Money Bag,wealthy families
💰,Money Bag,wealthy merchants
🌡️,Thermometer,temperature thermometer
🌡️,Thermometer,temperature variation
🌡️,Thermometer,vacuum thermometer
⚽,Soccer Ball,global
🤡,Clown Face,creepy clown vibes
🤡,Clown Face,creepy clown posse
🤡,Clown Face,cosmic clown vibes
🐱,Cat Face,face
🎸,Guitar,rehearsal guitar
🎸,Guitar,rehearsal rehearsal
⌛,Hourglass Done,task
🛁,Bathtub,bathtub wash
🛁,Bathtub,dry wash
🌧️,Cloud with Rain,water rain
🌧️,Cloud with Rain,cold rain
🌧️,Cloud with Rain,watercolor
🌧️,Cloud with Rain,freezing rain
🛏️,Bed,bed mattress
🛏️,Bed,feather mattress
🥳,Partying Face,confetti time
🥳,Partying Face,extra time
🥳,Partying Face,prime time
🥳,Partying Face,all time
🛋️,Couch and Lamp,sofa livingroom
🛋️,Couch and Lamp,rooftop livingroom
🖼️,Framed Picture,wall painting
💡,Light Bulb,yellow bulb
💡,Light Bulb,yellow fever
🥗,Green Salad,lettuce
🌍,Globe Showing Europe-Africa,space earth
🌍,Globe Showing Europe-Africa,spacewalk
📍,Round Pushpin,geo spot
☀️,Sun,outdoor weather
☀️,Sun,bad weather
☀️,Sun,stormy weather
☀️,Sun,outdoor bowls
✨,Sparkles,fairy tales
✨,Sparkles,folk tales
✨,Sparkles,canterbury tales
✨,Sparkles,tall tales
💀,Skull,skeleton man
💀,Skull,skeleton racer
💀,Skull,fat man
🧼,Soap,hands
😭,Loudly Crying Face,feeling low
😭,Loudly Crying Face,penny low
😭,Loudly Crying Face,feeling guilty
😭,Loudly Crying Face,feeling good
🕰️,Mantelpiece Clock,decor
📓,Notebook,notebook
💰,Money Bag,wealth
🔌,Electric Plug,energy connection
🔌,Electric Plug,energy efficiency
🔌,Electric Plug,energy conservation
❄️,Snowflake,snowflake ice
❄️,Snowflake,snowflake creek
❄️,Snowflake,shaved ice
✈️,Airplane,international flight
✈️,Airplane,delta flight
✈️,Airplane,international bibliography
🖋️,Fountain Pen,writing
🍎,Red Apple,vitamins
✏️,Pencil,drawing pencil
✏️,Pencil,color pencil
✏️,Pencil,drawing method
❤️,Red Heart,my valentine
❤️,Red Heart,my heart
❤️,Red Heart,saint valentine
💀,Skull,vibes
🧸,Teddy Bear,soft toy
🧸,Teddy Bear,softwood
🗺️,World Map,navigation
🛏️,Bed,furniture
🛳️,Passenger Ship,large boat deck
🛳️,Passenger Ship,floating boat deck
🛳️,Passenger Ship,large observation deck
🛳️,Passenger Ship,sunken boat deck
🥗,Green Salad,raw salad
🥗,Green Salad,rawwire
💻,Laptop,tasks
📚,Books,books stack
📚,Books,stack stack
📚,Books,bookshop
📚,Books,bookseller
🧹,Broom,bristles and dirt
🧹,Broom,bristles with dirt
🧹,Broom,bristles or dirt
🧹,Broom,grass and dirt
🎁,Wrapped Gift,reward
🔋,Battery,bar
🐱,Cat Face,kitty
💔,Broken Heart,my heart is aching
💔,Broken Heart,thy heart is aching
💔,Broken Heart,my heart stops aching
💔,Broken Heart,my chest is aching
🚗,Automobile,travel car
🚗,Automobile,travel agency
🚗,Automobile,passenger car
🚗,Automobile,sports car
📍,Round Pushpin,destination mark
📍,Round Pushpin,destination unknown
🔒,Locked,safe lock
🔒,Locked,safeway
🔦,Flashlight,handheld
📱,Mobile Phone,touch screen device
📱,Mobile Phone,google screen device
📱,Mobile Phone,smart screen device
📱,Mobile Phone,touch screen sensor
🔭,Telescope,telescope stars
🔭,Telescope,lone stars
🖋️,Fountain Pen,fountain pen
🖋️,Fountain Pen,jeremy pen
🖋️,Fountain Pen,dragon pen
🖋️,Fountain Pen,paper pen
⌚,Watch,daily watch
⌚,Watch,neighbourhood watch
⌚,Watch,daily mail
⌚,Watch,daily news
💻,Laptop,software
🧭,Compass,path
🌧️,Cloud with Rain,umbrella rain
🌧️,Cloud with Rain,heavy rain
🌧️,Cloud with Rain,umbrella effect
🧪,Test Tube,science
🖼️,Framed Picture,frame picture
🖼️,Framed Picture,motion picture
🖼️,Framed Picture,frameage
🏠,House,safe and cozy
🏠,House,safe harbor cozy
🏠,House,safe and secure
🏠,House,warm and cozy
🏀,Basketball,professional athlete life
🏀,Basketball,professional daily life
🏀,Basketball,professional athlete awards
🏀,Basketball,disabled athlete life
💀,Skull,skull face
💀,Skull,skullbone
🏠,House,family home
🏠,House,welcome home
❄️,Snowflake,winter snowflake
❄️,Snowflake,alpine snowflake
❄️,Snowflake,winter garden
❤️,Red Heart,heart symbol for best friend
❤️,Red Heart,heart symbolized best friend
❤️,Red Heart,heartfelt for best friend
❤️,Red Heart,friendship symbol for best friend
🛏️,Bed,bed night
🛏️,Bed,twelfth night
🍰,Shortcake,slice
🎾,Tennis,game
🍰,Shortcake,cake dessert
🍰,Shortcake,cake factory
🍰,Shortcake,cake shop
🍰,Shortcake,apple dessert
❄️,Snowflake,cold snowflake
❄️,Snowflake,purple snowflake
🙏,Folded Hands,spiritual
⚽,Soccer Ball,kicking ball
⚽,Soccer Ball,kicking dogs
👍,Thumbs Up,cool
🛳️,Passenger Ship,giant ship hull
🛳️,Passenger Ship,giant iron hull
🛳️,Passenger Ship,cargo ship hull
🛳️,Passenger Ship,giant metal hull
💊,Pill,pill medicine
💊,Pill,veterinary medicine
💊,Pill,forensic medicine
💊,Pill,pillage
🗺️,World Map,map path
🧭,Compass,north compass
🧭,Compass,northcote
🧭,Compass,north dakota
🏠,House,space home
😴,Sleeping Face,tired face
😴,Sleeping Face,smiley face
😴,Sleeping Face,tiredness
🌡️,Thermometer,hot
❤️,Red Heart,sending you my love
❤️,Red Heart,sending you my message
❤️,Red Heart,sending away my love
❤️,Red Heart,sending you a love
🤔,Thinking Face,is that true
🤔,Thinking Face,is it true
🤔,Thinking Face,remember that true
🤔,Thinking Face,believe that true
✨,Sparkles,glittering stars
✨,Sparkles,rising stars
⚽,Soccer Ball,game ball
⚽,Soccer Ball,crystal ball
⚽,Soccer Ball,roger ball
⚽,Soccer Ball,game theory
✈️,Airplane,passenger
☕,Hot Beverage,cozy drink time
☕,Hot Beverage,cozy every time
☕,Hot Beverage,free drink time
☕,Hot Beverage,best drink time
🙄,Face with Rolling Eyes,serious face
🙄,Face with Rolling Eyes,serious crime
🙄,Face with Rolling Eyes,doll face
🧪,Test Tube,testing
🖋️,Fountain Pen,artist
🤡,Clown Face,silly
🎈,Balloon,birthday
💀,Skull,bony skull face
💀,Skull,upper skull face
💀,Skull,bony skull fragment
💀,Skull,bony gray face
🎾,Tennis,ball
💔,Broken Heart,shattered love
💔,Broken Heart,shattered dreams
💔,Broken Heart,shattered hearts
💔,Broken Heart,sweet love
🙏,Folded Hands,thanks
💊,Pill,capsule pill
💊,Pill,capsule contents
🚲,Bicycle,transport bike
🧬,DNA,genes
🧸,Teddy Bear,brown fur bear
🧸,Teddy Bear,great fur bear
🙏,Folded Hands,deep appreciation and thanks
🙏,Folded Hands,deepest appreciation and thanks
🙏,Folded Hands,deep appreciation and respect
🙏,Folded Hands,deep appreciation of thanks
🔨,Hammer,labor
🚗,Automobile,driving car
🚗,Automobile,cable car
🚗,Automobile,driving lessons
🚗,Automobile,driving simulator
🕰️,Mantelpiece Clock,shelf
🔑,Key,house key
🔑,Key,housepage
🔑,Key,housewife
📍,Round Pushpin,mark here
📍,Round Pushpin,from here
🐱,Cat Face,kitten
✈️,Airplane,trip airplane
✈️,Airplane,tripoint
✈️,Airplane,jet airplane
🍷,Wine Glass,drink wine
🍷,Wine Glass,drinkout
🥪,Sandwich,picnic
📸,Camera with Flash,bright
⚽,Soccer Ball,field and goals
⚽,Soccer Ball,field of goals
⚽,Soccer Ball,points and goals
❤️,Red Heart,big hugs
❤️,Red Heart,big bang
❤️,Red Heart,bigfoot
🔒,Locked,safety
⌚,Watch,ticking time piece
⌚,Watch,ticking puzzle piece
⌚,Watch,slow time piece
⌚,Watch,ticking brass piece
🥗,Green Salad,bowl
🎾,Tennis,hobby
🔥,Fire,looking spicy
🔥,Fire,super spicy
🔥,Fire,looking forward
🚀,Rocket,skyrocketing results
🚀,Rocket,skyrocketing index
🚀,Rocket,official results
🧺,Basket,carrier
📱,Mobile Phone,phone computer
📱,Mobile Phone,phone call
📱,Mobile Phone,personal computer
😴,Sleeping Face,need nap
😴,Sleeping Face,sleepy nap
😴,Sleeping Face,happy nap
🚗,Automobile,car traffic
🚗,Automobile,goods traffic
🥗,Green Salad,dressing salad
🥗,Green Salad,dressing up
😊,Smiling Face with Smiling Eyes,smiling at the world
😊,Smiling Face with Smiling Eyes,shooting at the world
😊,Smiling Face with Smiling Eyes,smiling around the world
😊,Smiling Face with Smiling Eyes,smiling at this world
📑,Bookmark Tabs,finding spot
📑,Bookmark Tabs,playoff spot
📑,Bookmark Tabs,finding solutions
📑,Bookmark Tabs,penalty spot
💻,Laptop,browsing
✏️,Pencil,yellow wooden pencil
✏️,Pencil,yellow wooden pagoda
🚂,Locomotive,travel train
✏️,Pencil,notes
🕯️,Candle,romantic candle
🕯️,Candle,romanticism
🍦,Soft Serve,melting in the sun
🍦,Soft Serve,melting beneath the sun
🍦,Soft Serve,melting under the sun
🚪,Door,portal door
🚪,Door,portal portal
🔑,Key,symbolic metal key
🔑,Key,symbolic value key
🔑,Key,symbolic metalworking
🔑,Key,symbolic metal objects
⌛,Hourglass Done,sand glass
⌛,Hourglass Done,sandhurst
⌛,Hourglass Done,stained glass
⌛,Hourglass Done,sand dune
👍,Thumbs Up,work done
👍,Thumbs Up,all done
🛳️,Passenger Ship,boat water
🛳️,Passenger Ship,boat race
🛳️,Passenger Ship,boathouse
🛳️,Passenger Ship,holy water
🗺️,World Map,continents
📡,Satellite Antenna,wireless data
📡,Satellite Antenna,satellite data
📡,Satellite Antenna,wireless communications
🎸,Guitar,time
🔔,Bell,dinner is ready
🔔,Bell,dinner is served
🔔,Bell,dinner is eaten
🔔,Bell,dinner gets ready
🖋️,Fountain Pen,pen ink
🖋️,Fountain Pen,pentec
🖋️,Fountain Pen,adobe ink
✂️,Scissors,pair scissors
✂️,Scissors,pair skating
✂️,Scissors,pairwise
⚽,Soccer Ball,soccer
🧹,Broom,wooden
🚽,Toilet,sanitation
🙏,Folded Hands,thankful soul
🙏,Folded Hands,broken soul
🙏,Folded Hands,pure soul
🌈,Rainbow,rainbow
📑,Bookmark Tabs,document
🤔,Thinking Face,curious george
🤔,Thinking Face,prince george
🤔,Thinking Face,curious creatures
✏️,Pencil,pencil art
✏️,Pencil,installation art
✏️,Pencil,fine art
🍕,Pizza,crust pizza
🧺,Basket,harvest basket
🧺,Basket,harvester
🏮,Red Paper Lantern,celebration decor
🏮,Red Paper Lantern,celebration festival
🏮,Red Paper Lantern,interior decor
🤔,Thinking Face,brain teaser
🤔,Thinking Face,opening teaser
🤔,Thinking Face,cd teaser
🤔,Thinking Face,brain tumor
☀️,Sun,yellow sun
☀️,Sun,yellow line
☀️,Sun,desert sun
🛁,Bathtub,warm
🤡,Clown Face,joke face
🚪,Door,portal
😴,Sleeping Face,nap face
😴,Sleeping Face,napa
😴,Sleeping Face,napoma
📸,Camera with Flash,photo shot
📸,Camera with Flash,jump shot
📸,Camera with Flash,photo gallery
📸,Camera with Flash,photogenic
🔑,Key,success
🍷,Wine Glass,red wine drink
🍷,Wine Glass,best wine drink
🍷,Wine Glass,red milk drink
🍷,Wine Glass,red hot drink
🪒,Razor,personal grooming
🪒,Razor,personal finance
🪒,Razor,animal grooming
💀,Skull,tired as hell
💀,Skull,tired in hell
💀,Skull,guilty as hell
💀,Skull,tired like hell
💊,Pill,health
🎈,Balloon,flying balloon
🎈,Balloon,flying tigers
🎈,Balloon,flying circus
🍕,Pizza,delicious pizza
🍕,Pizza,delicious soup
🖼️,Framed Picture,picture frame
🖼️,Framed Picture,balloon frame
🖼️,Framed Picture,sliding frame
🖼️,Framed Picture,wire frame
✈️,Airplane,runway
✂️,Scissors,school project tool
✂️,Scissors,school learning tool
✂️,Scissors,school project project
🪒,Razor,tool
🤔,Thinking Face,what is the catch
🤔,Thinking Face,what was the catch
🤔,Thinking Face,what is the problem
🤔,Thinking Face,where is the catch
🧪,Test Tube,laboratory tube
🧪,Test Tube,laboratory operations
🌧️,Cloud with Rain,cold rainy weather
🌧️,Cloud with Rain,cold rainy nights
🌧️,Cloud with Rain,coldest weather
🌧️,Cloud with Rain,cold winter weather
🔥,Fire,absolute heat
🔥,Fire,absolute magnitude
📑,Bookmark Tabs,reading helper
📑,Bookmark Tabs,reading aloud
📑,Bookmark Tabs,emergency helper
📸,Camera with Flash,lens shutter
📸,Camera with Flash,lens reflex
📸,Camera with Flash,vertical shutter
😭,Loudly Crying Face,heartbroken and devastated
😭,Loudly Crying Face,lost and devastated
😭,Loudly Crying Face,heartbroken but devastated
🤔,Thinking Face,let me see
🤔,Thinking Face,lets me see
🤔,Thinking Face,let him see
🤔,Thinking Face,make me see
🧺,Basket,basket shopping
🧺,Basket,apple shopping
🏀,Basketball,scoring
🍦,Soft Serve,dairy treat
🍦,Soft Serve,dairy farming
🍦,Soft Serve,dairy farms
🐶,Dog Face,dog breed
🐶,Dog Face,pure breed
📍,Round Pushpin,fixed point
📍,Round Pushpin,boiling point
📍,Round Pushpin,fixed frequency
⌚,Watch,wrist watch
⌚,Watch,wrist surgery
💊,Pill,wellness
🐱,Cat Face,cat pet
🐱,Cat Face,baby pet
🐱,Cat Face,catania
🌡️,Thermometer,digital thermometer
🌡️,Thermometer,digital download
🔔,Bell,metal
🤔,Thinking Face,analyzing the situation
🤔,Thinking Face,analyzing economic situation
🤔,Thinking Face,consider the situation
🤔,Thinking Face,analyzing current situation
🚗,Automobile,garage car
🚗,Automobile,garage shop
📈,Chart Increasing,market
📡,Satellite Antenna,antenna space
📡,Satellite Antenna,outer space
📡,Satellite Antenna,antenna array
📡,Satellite Antenna,hilbert space
👍,Thumbs Up,yes
🧭,Compass,hiking
🍷,Wine Glass,red wine glass
🍷,Wine Glass,red stained glass
🍷,Wine Glass,crystal wine glass
🍷,Wine Glass,red wine cellar
🤔,Thinking Face,looking for answers
🤔,Thinking Face,search for answers
🤔,Thinking Face,looking for something
⌛,Hourglass Done,temporal symbol
⌛,Hourglass Done,temporal symmetry
⌛,Hourglass Done,vertex symbol
⌛,Hourglass Done,time is up
⌛,Hourglass Done,time is unknown
⌛,Hourglass Done,everybody is up
⌛,Hourglass Done,time picks up
🍦,Soft Serve,snack
✈️,Airplane,sky flight
✈️,Airplane,skywatch
🙄,Face with Rolling Eyes,frustration
✈️,Airplane,airplane
🔥,Fire,blazing fire and heat
🔥,Fire,blazing fire and flames
🔥,Fire,blazing fire and lightning
🧪,Test Tube,reaction
☀️,Sun,rays
🙄,Face with Rolling Eyes,eye rolling
🙄,Face with Rolling Eyes,stop rolling
🙄,Face with Rolling Eyes,slow rolling
🙄,Face with Rolling Eyes,eyeball
📏,Straight Ruler,geometry
☕,Hot Beverage,cocoa
🍺,Beer Mug,glass of ale
🍺,Beer Mug,glass of wine
🍺,Beer Mug,glasshouse ale
🍺,Beer Mug,taste of ale
🖋️,Fountain Pen,elegant pen
🖋️,Fountain Pen,elegant suite
🕯️,Candle,glow light
🕯️,Candle,bright light
🕯️,Candle,glowworm
🛏️,Bed,rest
🌍,Globe Showing Europe-Africa,nature globe
🌍,Globe Showing Europe-Africa,nature conservation
🌍,Globe Showing Europe-Africa,golden globe
🔌,Electric Plug,connection
🍺,Beer Mug,weekend party drink
🍺,Beer Mug,weekend hot drink
🍺,Beer Mug,weekend party festival
🍺,Beer Mug,weekend best drink
🎸,Guitar,musician at work
🎸,Guitar,doctors at work
🎸,Guitar,musicianial work
🎸,Guitar,people at work
🍰,Shortcake,baked
🙄,Face with Rolling Eyes,serious
🚗,Automobile,sedan car
🚗,Automobile,sedan express
📓,Notebook,student notebook
📓,Notebook,student council
📓,Notebook,student union
🌍,Globe Showing Europe-Africa,geography and maps
🌍,Globe Showing Europe-Africa,maps and maps
🌍,Globe Showing Europe-Africa,geography and ecology
🌍,Globe Showing Europe-Africa,geography and history
📈,Chart Increasing,improving daily
📈,Chart Increasing,improving productivity
📈,Chart Increasing,improving performance
😭,Loudly Crying Face,emotional breakdown
😭,Loudly Crying Face,traffic breakdown
😭,Loudly Crying Face,emotional therapy
😭,Loudly Crying Face,road breakdown
✂️,Scissors,scissors tool
🌈,Rainbow,luck magic
🌈,Rainbow,luckless
🌈,Rainbow,luckenbach
🍦,Soft Serve,sweet summer treat
🍦,Soft Serve,strawberry summer treat
🍦,Soft Serve,sweet potato treat
🍦,Soft Serve,sweet summer breeze
🍔,Hamburger,meal burger
🍔,Hamburger,bob burger
🍔,Hamburger,andy burger
🥳,Partying Face,win
🏀,Basketball,basketball orange
📱,Mobile Phone,mobile phone
📱,Mobile Phone,mobile computing
📱,Mobile Phone,mobile broadband
📱,Mobile Phone,cellular phone
🥗,Green Salad,spinach salad
🥗,Green Salad,spinachweed
🛋️,Couch and Lamp,couch home
🛋️,Couch and Lamp,welcome home
🛋️,Couch and Lamp,couchette
✏️,Pencil,yellow
🤔,Thinking Face,considering all the options
🤔,Thinking Face,considering all possible options
🤔,Thinking Face,considering all viable options
🤔,Thinking Face,considering all the possibilities
📂,Open File Folder,work folder
📂,Open File Folder,workflow
🍰,Shortcake,strawberry and cream
🍰,Shortcake,strawberry and vanilla
🍰,Shortcake,milk and cream
🍰,Shortcake,sugar and cream
🙏,Folded Hands,thank you kindly
🙏,Folded Hands,treating you kindly
🙏,Folded Hands,thank thee kindly
🙏,Folded Hands,thank me kindly
🔬,Microscope,microscope tool
🔬,Microscope,simulation tool
🏀,Basketball,game
🍔,Hamburger,tasty sandwich
🍔,Hamburger,pork sandwich
🍔,Hamburger,tasty sauce
🔨,Hammer,fix
🧼,Soap,cleaning with water
🧼,Soap,cleaning with brushes
🧼,Soap,cleaning clean water
🧼,Soap,filled with water
🔒,Locked,bolt
🔌,Electric Plug,energy plug
😎,Smiling Face with Sunglasses,sunny day at beach
😎,Smiling Face with Sunglasses,sunny day long beach
😎,Smiling Face with Sunglasses,sunny morning at beach
😎,Smiling Face with Sunglasses,sunny day harbor beach
🕯️,Candle,flame candle
🕯️,Candle,flamengo
🕯️,Candle,flamenco
🚿,Shower,bathroom plumbing
🚿,Shower,bathroom suite
🚿,Shower,bathroom stall
🚿,Shower,emergency plumbing
🖋️,Fountain Pen,tool
📓,Notebook,daily diary
📓,Notebook,daily mail
📓,Notebook,the diary
📓,Notebook,secret diary
🚿,Shower,shower routine
🚿,Shower,shower curtain
🚿,Shower,drum routine
🚿,Shower,shower room
🛏️,Bed,dreaming
🎸,Guitar,strumming
🧼,Soap,bubbles soap
🧪,Test Tube,mixing solutions
🧪,Test Tube,integrated solutions
🧪,Test Tube,crisis solutions
🖼️,Framed Picture,picture
💊,Pill,health treatment
💊,Pill,health insurance
💊,Pill,health matters
☕,Hot Beverage,liquid hot
☕,Hot Beverage,liquid nitrogen
☕,Hot Beverage,liquid crystals
❄️,Snowflake,ice
🗺️,World Map,paper map
🗺️,World Map,paper mill
🗺️,World Map,topographic map
🗺️,World Map,papermaking
🥗,Green Salad,greens salad
🥗,Green Salad,greensgate
🥗,Green Salad,greenspace
🍔,Hamburger,hungry burger
🍔,Hamburger,hungry birds
🌧️,Cloud with Rain,sky cloud
🌧️,Cloud with Rain,skywatch
🌧️,Cloud with Rain,storm cloud
🌧️,Cloud with Rain,skype
🧸,Teddy Bear,plush mouse
🚗,Automobile,car driving
🔦,Flashlight,battery torch
🔦,Flashlight,battery packs
👍,Thumbs Up,thumbs up emoji
👍,Thumbs Up,thumbstream emoji
👍,Thumbs Up,pick up emoji
👍,Thumbs Up,dial up emoji
💡,Light Bulb,plan
🔦,Flashlight,flashlight battery
🔦,Flashlight,3rd battery
🔦,Flashlight,mobile battery
🙏,Folded Hands,appreciative
🤣,Rolling on the Floor Laughing,peak comedy moment
🤣,Rolling on the Floor Laughing,peak comedy awards
🤣,Rolling on the Floor Laughing,peak extinction moment
🤣,Rolling on the Floor Laughing,peak comedy hour
😊,Smiling Face with Smiling Eyes,peaceful happy face
😊,Smiling Face with Smiling Eyes,peaceful happy days
😊,Smiling Face with Smiling Eyes,peaceful white face
🥳,Partying Face,party mode
🥳,Partying Face,party list
🥳,Partying Face,party affiliation
🌧️,Cloud with Rain,storm weather
🌧️,Cloud with Rain,stormwatch
🌧️,Cloud with Rain,storm tide
🌧️,Cloud with Rain,cold weather
❄️,Snowflake,frozen water flake
❄️,Snowflake,salt water flake
❄️,Snowflake,frozen water lake
🚂,Locomotive,steam train
📡,Satellite Antenna,tv antenna
📡,Satellite Antenna,radio antenna
📡,Satellite Antenna,radar antenna
🌡️,Thermometer,thermometer weather
🌡️,Thermometer,bad weather
🌡️,Thermometer,thermometer apparatus
💊,Pill,prescription drug
💊,Pill,psychedelic drug
💊,Pill,prescription medicine
💊,Pill,orphan drug
🚿,Shower,washing
🍔,Hamburger,hamburger
🍷,Wine Glass,glass of merlot
🍷,Wine Glass,glass of champagne
🍷,Wine Glass,portrait of merlot
🍷,Wine Glass,adventures of merlot
❄️,Snowflake,delicate ice design
❄️,Snowflake,delicate object design
❄️,Snowflake,polar ice design
❄️,Snowflake,delicate flower design
🍎,Red Apple,forbidden fruit story
🍎,Red Apple,forbidden fruit garden
🍎,Red Apple,forbidden treasure story
🍎,Red Apple,forbidden love story
🥪,Sandwich,toasted bread slices
🥪,Sandwich,toasted breadcake
🥪,Sandwich,toasted bread pudding
🥪,Sandwich,sliced bread slices
☀️,Sun,light sun
☀️,Sun,rising sun
☀️,Sun,lightfoot
☀️,Sun,lightwood
🏀,Basketball,hoop
🔥,Fire,blazing fast
🔥,Fire,blazing skies
🔥,Fire,lightning fast
🐱,Cat Face,ears
🏠,House,family house
🏠,House,manor house
😎,Smiling Face with Sunglasses,relaxed
⚽,Soccer Ball,goals ball
⚽,Soccer Ball,goals against
🌡️,Thermometer,sensing
💰,Money Bag,money wealth
💰,Money Bag,sovereign wealth
😊,Smiling Face with Smiling Eyes,friendly greeting
😊,Smiling Face with Smiling Eyes,friendly matches
😊,Smiling Face with Smiling Eyes,official greeting
😊,Smiling Face with Smiling Eyes,friendly match
✈️,Airplane,clouds
💻,Laptop,typing
😊,Smiling Face with Smiling Eyes,friendly
😂,Face with Tears of Joy,im finished
😂,Face with Tears of Joy,never finished
📏,Straight Ruler,wood
🌧️,Cloud with Rain,rain weather
🌧️,Cloud with Rain,raindance
🌧️,Cloud with Rain,raindown
🍎,Red Apple,apple surface
🍎,Red Apple,outer surface
🍎,Red Apple,ventral surface
🖋️,Fountain Pen,calligraphy
🚽,Toilet,daily hygiene
🚽,Toilet,daily express
🚽,Toilet,occupational hygiene
🚿,Shower,hot water shower
🚿,Shower,hot water bath
🚿,Shower,hot spring shower
🚿,Shower,fresh water shower
🐶,Dog Face,barking and playing
🐶,Dog Face,barking and barking
🐶,Dog Face,barking and screaming
🐶,Dog Face,barking and kicking
🚗,Automobile,travel
🍰,Shortcake,layer of berries
🍰,Shortcake,list of berries
🍰,Shortcake,variety of berries
🍰,Shortcake,cultivation of berries
🎾,Tennis,tennis ball
🎾,Tennis,crystal ball
🎾,Tennis,tennis championships
🕯️,Candle,glowing candle
🕯️,Candle,glowing sky
🕯️,Candle,white candle
💡,Light Bulb,source
✏️,Pencil,pencil yellow
✏️,Pencil,golden yellow
✏️,Pencil,bright yellow
🖼️,Framed Picture,painting
💡,Light Bulb,bright bulb
💡,Light Bulb,bright sky
📚,Books,reading
📡,Satellite Antenna,satellite dish
📡,Satellite Antenna,satellite navigation
📡,Satellite Antenna,satellite imagery
📡,Satellite Antenna,hot dish
🖋️,Fountain Pen,pen calligraphy
🖋️,Fountain Pen,arabic calligraphy
🖋️,Fountain Pen,chinese calligraphy
🔨,Hammer,wood
🍎,Red Apple,pet
📚,Books,library and study
📚,Books,study and study
📚,Books,research and study
📚,Books,teaching and study
💡,Light Bulb,spark bulb
💡,Light Bulb,spark plug
🥪,Sandwich,slice
🎸,Guitar,electric guitar
🎸,Guitar,electric locomotive
🎸,Guitar,slide guitar
🎸,Guitar,electric bicycles
🍦,Soft Serve,summer dessert
🍦,Soft Serve,strawberry dessert
🍦,Soft Serve,summer olympics
✏️,Pencil,pencil lead
✏️,Pencil,male lead
🐱,Cat Face,cat
🛁,Bathtub,bubbles and soap
🛁,Bathtub,bubbles of soap
🛁,Bathtub,wine and soap
🛁,Bathtub,bubbles and bubbles
📚,Books,student life
📚,Books,student council
📚,Books,student association
📚,Books,daily life
😍,Smiling Face with Heart-Eyes,love this look
😍,Smiling Face with Heart-Eyes,watch this look
😍,Smiling Face with Heart-Eyes,love this girl
😍,Smiling Face with Heart-Eyes,love to look
🚗,Automobile,car sedan
🚗,Automobile,chevrolet sedan
😭,Loudly Crying Face,feeling tragic
😭,Loudly Crying Face,very tragic
😭,Loudly Crying Face,feeling lonely
😍,Smiling Face with Heart-Eyes,beautiful day
😍,Smiling Face with Heart-Eyes,labor day
😍,Smiling Face with Heart-Eyes,beautiful beauty
🔦,Flashlight,night light
🔦,Flashlight,guiding light
🔦,Flashlight,nighthawks
🔦,Flashlight,nighthawk
🐱,Cat Face,animal kitten
🐱,Cat Face,killer kitten
🐱,Cat Face,animal rescue
🍺,Beer Mug,pub beer
🌍,Globe Showing Europe-Africa,geography globe
🌍,Globe Showing Europe-Africa,boston globe
🚽,Toilet,flushing
🥪,Sandwich,meal sandwich
😎,Smiling Face with Sunglasses,nothing
🔒,Locked,locked safe
🔒,Locked,stay safe
🌧️,Cloud with Rain,vibes
🧬,DNA,medical dna
🧬,DNA,medical ethics
🧬,DNA,medical education
🧪,Test Tube,medical
❤️,Red Heart,true love
❤️,Red Heart,pure love
🖋️,Fountain Pen,fancy pen
🖋️,Fountain Pen,fancy fancy
🖋️,Fountain Pen,fancy dress
📈,Chart Increasing,positive trend line
📈,Chart Increasing,current trend line
📈,Chart Increasing,positive trending
✏️,Pencil,wooden pencil
✏️,Pencil,wooden bridge
✏️,Pencil,wooden box
🏠,House,family
🎁,Wrapped Gift,surprise gift
🍕,Pizza,sauce pizza
😎,Smiling Face with Sunglasses,confident
🏠,House,indoor
🍔,Hamburger,beef burger
🍔,Hamburger,beef stew
🍔,Hamburger,beef cattle
🍔,Hamburger,beefcake
🙏,Folded Hands,please and thank you
🙏,Folded Hands,goodbye and thank you
🙏,Folded Hands,congratulations and thank you
⚽,Soccer Ball,white ball
🤔,Thinking Face,stay curious
🤔,Thinking Face,how curious
🤔,Thinking Face,very curious
🤔,Thinking Face,stay here
🕯️,Candle,candle wax
🕯️,Candle,hot wax
🕯️,Candle,sealing wax
🍷,Wine Glass,alcohol wine
🍷,Wine Glass,alcohol abuse
😎,Smiling Face with Sunglasses,stylish look
😎,Smiling Face with Sunglasses,dirty look
😎,Smiling Face with Sunglasses,nice look
😎,Smiling Face with Sunglasses,stylish outfits
🌈,Rainbow,happy
🐱,Cat Face,cat animal
🐱,Cat Face,catena
🐱,Cat Face,wild animal
✨,Sparkles,twinkling stars
✨,Sparkles,twinkling clouds
✨,Sparkles,twinkling bells
☀️,Sun,morning
📸,Camera with Flash,camera
💊,Pill,taking medicine
💊,Pill,taking yields
🍦,Soft Serve,white
💔,Broken Heart,sadness
🕯️,Candle,warm candle
🕯️,Candle,burning candle
🌡️,Thermometer,measuring temperature
🌡️,Thermometer,measuring distances
📈,Chart Increasing,profits chart
🎾,Tennis,serve and volley
🎾,Tennis,servence volley
🎾,Tennis,servencia volley
🎾,Tennis,serve and learn
🕰️,Mantelpiece Clock,time
🔦,Flashlight,beam flashlight
🔦,Flashlight,beam effect
🔦,Flashlight,beam bridge
🔦,Flashlight,laser flashlight
💰,Money Bag,rich bag
💰,Money Bag,richley
💻,Laptop,hardware
☀️,Sun,bright sky
☀️,Sun,bright skies
☀️,Sun,vanilla sky
🛁,Bathtub,relaxation bath
🛁,Bathtub,relaxation theory
🎾,Tennis,tennis tour
🎾,Tennis,european tour
☕,Hot Beverage,tea hot
☕,Hot Beverage,teacup
🛁,Bathtub,relaxation spot
🛁,Bathtub,playoff spot
🧸,Teddy Bear,teddy gift
🧸,Teddy Bear,teddy roosevelt
😎,Smiling Face with Sunglasses,wearing dark shades
😎,Smiling Face with Sunglasses,wearing dark glasses
😎,Smiling Face with Sunglasses,wearing dark sunglasses
😎,Smiling Face with Sunglasses,wearing dark robes
📚,Books,school books
📚,Books,penguin books
📚,Books,school buses
🔔,Bell,alert and alarm
🔔,Bell,alarm and alarm
🔔,Bell,panic and alarm
🔔,Bell,alert fire alarm
🔑,Key,door key
🔑,Key,door opens
🔭,Telescope,view
🙏,Folded Hands,high five
🙏,Folded Hands,high voltage
🙏,Folded Hands,high tide
🙏,Folded Hands,high school
🔥,Fire,destroying the game
🔥,Fire,destroying any game
🔥,Fire,winning the game
🔥,Fire,destroying the world
🕰️,Mantelpiece Clock,clock shelf
🕰️,Mantelpiece Clock,top shelf
🤡,Clown Face,paint
🚪,Door,exit
🚗,Automobile,automobile
🍕,Pizza,slice
🚂,Locomotive,steam
🔥,Fire,high energy
🔥,Fire,solar energy
🔥,Fire,high voltage
🔥,Fire,renewable energy
⚽,Soccer Ball,fun
🚿,Shower,body
❄️,Snowflake,white oak
❄️,Snowflake,white dwarf
🤡,Clown Face,circus
☕,Hot Beverage,hot drink
☕,Hot Beverage,mixed drink
☕,Hot Beverage,hot springs
🍺,Beer Mug,lager beer
🍺,Beer Mug,lagerqvist
🍺,Beer Mug,lagerfeld
📈,Chart Increasing,chart increasing
📈,Chart Increasing,chartres
📈,Chart Increasing,steadily increasing
🚂,Locomotive,moving on iron
🚂,Locomotive,moving pig iron
🚂,Locomotive,moving wrought iron
🚂,Locomotive,treatise on iron
🧼,Soap,soap washing
🧼,Soap,hand washing
🧼,Soap,table washing
🧼,Soap,breast washing
🛳️,Passenger Ship,travel
🧸,Teddy Bear,toy
🍦,Soft Serve,sweet sixteen
🍦,Soft Serve,sweet tea
🚿,Shower,hygiene shower
🚿,Shower,hygiene department
🚿,Shower,meteor shower
🍎,Red Apple,surface apple
🍎,Red Apple,surface tension
🍎,Red Apple,surface mapping
🐱,Cat Face,playful kitty
🐱,Cat Face,miss kitty
🐱,Cat Face,playful dance
😴,Sleeping Face,midnight sleep
😴,Sleeping Face,midnight sunrise
😴,Sleeping Face,deep sleep
😴,Sleeping Face,midnight madness
🛏️,Bed,item
📱,Mobile Phone,digital
⌛,Hourglass Done,gravity and sand
⌛,Hourglass Done,gravity and gravity
⌛,Hourglass Done,gravity and motion
⌛,Hourglass Done,gravity and momentum
🧬,DNA,medicine
📚,Books,books piles
📚,Books,stone piles
📚,Books,waste piles
😂,Face with Tears of Joy,top tier joke
😂,Face with Tears of Joy,top tier soccer
😂,Face with Tears of Joy,lower tier joke
😂,Face with Tears of Joy,upper tier joke
⚽,Soccer Ball,cup
🚿,Shower,wet shower
🚿,Shower,wettest
🚿,Shower,spring shower
🚪,Door,entrance door
🚪,Door,entrance hall
🚪,Door,entrance gate
🔦,Flashlight,torch flashlight
🔦,Flashlight,super flashlight
🔦,Flashlight,torchwood
🍦,Soft Serve,vanilla ice
🍦,Soft Serve,giant ice
🍦,Soft Serve,vanilla rhapsody
🎾,Tennis,net and baseline
🎾,Tennis,net neutrality baseline
🎾,Tennis,net and net
🎾,Tennis,latitude and baseline
🥳,Partying Face,cheer
📍,Round Pushpin,let us meet here
📍,Round Pushpin,let me meet here
📍,Round Pushpin,let them meet here
🔌,Electric Plug,cord
👍,Thumbs Up,everything is okay
👍,Thumbs Up,everything is alright
👍,Thumbs Up,everybody is okay
💰,Money Bag,wealth and prosperity
💰,Money Bag,wealth and happiness
💰,Money Bag,growth and prosperity
💰,Money Bag,wealth and fortune
🧺,Basket,organizing
🥪,Sandwich,item sandwich
🍔,Hamburger,sandwich burger
📂,Open File Folder,filing system
📂,Open File Folder,filing process
📂,Open File Folder,solar system
🧼,Soap,water soap
🧼,Soap,water aerodrome
😂,Face with Tears of Joy,burst out laughing
😂,Face with Tears of Joy,burst out loud
🔑,Key,house key set
🔑,Key,house key nominations
🔑,Key,house party set
🍕,Pizza,cheesy
😍,Smiling Face with Heart-Eyes,fan girlling over this
😍,Smiling Face with Heart-Eyes,fan girlling says this
😍,Smiling Face with Heart-Eyes,fanfare over this
😍,Smiling Face with Heart-Eyes,fanatics over this
🥪,Sandwich,sandwich ham
🥪,Sandwich,green ham
🥪,Sandwich,east ham
🌧️,Cloud with Rain,wet rain
🌧️,Cloud with Rain,wettest
😴,Sleeping Face,dreaming in bed
😴,Sleeping Face,breakfast in bed
😴,Sleeping Face,dreaming in heaven
⌛,Hourglass Done,waiting time
⌛,Hourglass Done,waiting room
⌛,Hourglass Done,waiting list
🐶,Dog Face,pet puppy
🐶,Dog Face,petrus
⌛,Hourglass Done,symbol
🥳,Partying Face,blowing a party horn
🥳,Partying Face,sing a party horn
🥳,Partying Face,blowing a party whistle
🔨,Hammer,tool
🔔,Bell,dinner bell
🔔,Bell,dinnertime
🔔,Bell,john bell
💡,Light Bulb,invention bulb
🛏️,Bed,bed dreaming
🛏️,Bed,sleep dreaming
🚗,Automobile,traffic car
🔔,Bell,notification sound
🔔,Bell,notification system
🔔,Bell,underwater sound
🔌,Electric Plug,plug electric
🔌,Electric Plug,plugged
🔌,Electric Plug,mitsubishi electric
📈,Chart Increasing,right direction
📈,Chart Increasing,general direction
📈,Chart Increasing,wind direction
📈,Chart Increasing,reverse direction
💔,Broken Heart,aching
🪒,Razor,blade
🚿,Shower,shower washing
🚿,Shower,breast washing
🐶,Dog Face,friend
🪒,Razor,cutting
📈,Chart Increasing,growth and success
📈,Chart Increasing,wealth and success
📈,Chart Increasing,fame and success
📈,Chart Increasing,growth and development
🔑,Key,success key
🔑,Key,color key
🕯️,Candle,scent
📓,Notebook,office notebook
📓,Notebook,office building
🛁,Bathtub,bubbles
⌚,Watch,schedule
🥪,Sandwich,quick
🧭,Compass,explorer compass
🧭,Compass,explorer explorer
🧹,Broom,dust
⚽,Soccer Ball,field ball
⚽,Soccer Ball,field hockey
🧹,Broom,dirt
❤️,Red Heart,always and forever
❤️,Red Heart,always and ever
❤️,Red Heart,now and forever
🌧️,Cloud with Rain,weather
🧪,Test Tube,chemistry tube
🧪,Test Tube,chemistry department
🐶,Dog Face,furry
🍷,Wine Glass,wine dinner
🍷,Wine Glass,rehearsal dinner
🍷,Wine Glass,fancy dinner
😭,Loudly Crying Face,crying my eyes out
😭,Loudly Crying Face,crying your eyes out
😭,Loudly Crying Face,blink my eyes out
😭,Loudly Crying Face,poke my eyes out
💔,Broken Heart,unrequited love
📓,Notebook,paper
🚗,Automobile,automobile car
🚗,Automobile,automobile engineering
🗺️,World Map,map study
🗺️,World Map,longitudinal study
👍,Thumbs Up,perfect
🍕,Pizza,delicious
🌧️,Cloud with Rain,plants
🙄,Face with Rolling Eyes,that is so boring
🙄,Face with Rolling Eyes,that is so simple
🙄,Face with Rolling Eyes,that is very boring
🙄,Face with Rolling Eyes,that was so boring
📑,Bookmark Tabs,tabs bookmark
📑,Bookmark Tabs,amazon bookmark
🚗,Automobile,car garage
🚗,Automobile,parking garage
💊,Pill,drug
🖋️,Fountain Pen,turbulent flow
🖋️,Fountain Pen,lava flow
⌚,Watch,accessory
🤔,Thinking Face,wait a second
🤔,Thinking Face,wait a while
🤔,Thinking Face,wait till second
🤔,Thinking Face,wait a minute
🔬,Microscope,microscope project
🔬,Microscope,pilot project
😊,Smiling Face with Smiling Eyes,kind soul
😊,Smiling Face with Smiling Eyes,kindred
😊,Smiling Face with Smiling Eyes,pure soul
😊,Smiling Face with Smiling Eyes,kindle
🔥,Fire,absolute heater
🔥,Fire,steam heater
🔥,Fire,induction heater
💊,Pill,treatment
🏮,Red Paper Lantern,red light
🏮,Red Paper Lantern,redwing
🏮,Red Paper Lantern,red bull
📱,Mobile Phone,handheld computer
📱,Mobile Phone,handheld sensor
📸,Camera with Flash,hobby
🕯️,Candle,burning wax light
🕯️,Candle,burning waxworks
🕯️,Candle,burning red light
🕯️,Candle,burning yellow light
💰,Money Bag,financial success
💰,Money Bag,financial reporting
💰,Money Bag,greatest success
💰,Money Bag,financial institutions
🏠,House,asset house
🏠,House,asset management
🌍,Globe Showing Europe-Africa,world
🍰,Shortcake,dessert
🌈,Rainbow,rainbow arc
🌈,Rainbow,rainbow bridge
🌈,Rainbow,rainbow trout
🕰️,Mantelpiece Clock,living room decor
🕰️,Mantelpiece Clock,living in decor
🕰️,Mantelpiece Clock,dining room decor
🕰️,Mantelpiece Clock,living rooms decor
🕯️,Candle,scent and aroma
🕯️,Candle,scent and taste
🕯️,Candle,flavor and aroma
🚽,Toilet,bathroom toilet
🖼️,Framed Picture,picture art
🖼️,Framed Picture,picture gallery
🖼️,Framed Picture,picturebook
🍔,Hamburger,sandwich
📚,Books,knowledge books
📚,Books,knowledgeability
🏮,Red Paper Lantern,guiding light
🏮,Red Paper Lantern,red arrows
📂,Open File Folder,open papers
📂,Open File Folder,open source
🚗,Automobile,garage
😍,Smiling Face with Heart-Eyes,so pretty and perfect
😍,Smiling Face with Heart-Eyes,so beautiful and perfect
😍,Smiling Face with Heart-Eyes,how pretty and perfect
😍,Smiling Face with Heart-Eyes,so pretty damn perfect
⌚,Watch,schedule watch
🧺,Basket,shopping basket
🧺,Basket,shopping center
🧺,Basket,shopping mall
🕰️,Mantelpiece Clock,classic time
🕰️,Mantelpiece Clock,classic wrestling
🕰️,Mantelpiece Clock,classic hits
💻,Laptop,coding all night
💻,Laptop,coding saturday night
💻,Laptop,coding tomorrow night
💻,Laptop,slept all night
🏀,Basketball,dribbling
🥳,Partying Face,fun
🚀,Rocket,fast growth and progress
🚀,Rocket,fastness and progress
🚀,Rocket,fast growth and productivity
🚀,Rocket,fast growth and growth
🌈,Rainbow,a sign of wonder
🌈,Rainbow,a sign of peace
🌈,Rainbow,only sign of wonder
🌈,Rainbow,a sign of salvation
🎾,Tennis,tennis court
🎾,Tennis,supreme court
🔒,Locked,restricted
🐶,Dog Face,puppy face
🐶,Dog Face,puppy puppy
🐶,Dog Face,doll face
☀️,Sun,shining yellow star
☀️,Sun,shining yellow wings
☀️,Sun,bright yellow star
☀️,Sun,shining yellow butterfly
🧪,Test Tube,medical research
🧪,Test Tube,cancer research
🧪,Test Tube,medical ethics
🛳️,Passenger Ship,ship luxury
🛳️,Passenger Ship,ultra luxury
🛳️,Passenger Ship,luxury luxury
🌡️,Thermometer,mercury
🙄,Face with Rolling Eyes,dismissive face
🙄,Face with Rolling Eyes,dismissive remarks
🧸,Teddy Bear,teddy toy
🍎,Red Apple,apple orchard
🍎,Red Apple,apple ii
🍎,Red Apple,crab orchard
🍎,Red Apple,appletalk
😍,Smiling Face with Heart-Eyes,heart eyes reaction
😍,Smiling Face with Heart-Eyes,heartfelt reaction
😍,Smiling Face with Heart-Eyes,heart eyes closed
🎾,Tennis,slam tennis
🎾,Tennis,slammania
🧹,Broom,house broom
🧹,Broom,red broom
🧹,Broom,housepage
🧹,Broom,housewife
🔑,Key,metal door key
🔑,Key,metallo key
🔑,Key,metalle key
🔑,Key,metal door hinges
🔬,Microscope,testing
⌛,Hourglass Done,ancient timer
⌛,Hourglass Done,ancient egypt
⌛,Hourglass Done,ancient greece
🌍,Globe Showing Europe-Africa,earth
🍷,Wine Glass,relax wine
✂️,Scissors,shears
💡,Light Bulb,bright light shining
💡,Light Bulb,blue light shining
💡,Light Bulb,bright light bulbs
💡,Light Bulb,bright blue shining
📏,Straight Ruler,geometry class
📏,Straight Ruler,1st class
📏,Straight Ruler,2nd class
🖼️,Framed Picture,picture wall
🖼️,Framed Picture,north wall
😍,Smiling Face with Heart-Eyes,gorgeous person
😍,Smiling Face with Heart-Eyes,disabled person
😍,Smiling Face with Heart-Eyes,gorgeous skies
🍺,Beer Mug,frothy beer foam
🍺,Beer Mug,canned beer foam
🍺,Beer Mug,frothy beer brewery
🍺,Beer Mug,frothy white foam
🔬,Microscope,equipment
🚀,Rocket,speed sky
🚀,Rocket,speed limit
🚀,Rocket,blue sky
🚀,Rocket,speed record
🔑,Key,metal
🖼️,Framed Picture,hanging
💻,Laptop,keyboard laptop
💻,Laptop,keyboard concerto
🖋️,Fountain Pen,professional pen
🖋️,Fountain Pen,professional golfer
🖋️,Fountain Pen,professional tennis
🖋️,Fountain Pen,professional wrestling
🕯️,Candle,melting
🥳,Partying Face,celebration
🧺,Basket,goods
❤️,Red Heart,sending hugs
❤️,Red Heart,good hugs
❤️,Red Heart,baby hugs
💊,Pill,feeling better soon
💊,Pill,feeling better today
💊,Pill,feeling very soon
💊,Pill,feeling good soon
🔬,Microscope,cells
☕,Hot Beverage,relax hot
❤️,Red Heart,romantic mood
❤️,Red Heart,bad mood
❤️,Red Heart,romantic romance
❤️,Red Heart,mood mood
🚽,Toilet,plumbing and water
🚽,Toilet,food and water
🚽,Toilet,wind and water
🔋,Battery,charging
🖋️,Fountain Pen,fancy stationary
🖋️,Fountain Pen,phase stationary
🗺️,World Map,world map
🗺️,World Map,world championships
❤️,Red Heart,my heart is full
❤️,Red Heart,my mind is full
❤️,Red Heart,my heart is beating
❤️,Red Heart,my mouth is full
☕,Hot Beverage,drink beverage
☕,Hot Beverage,cola beverage
😭,Loudly Crying Face,feeling hopeless
🌈,Rainbow,after the rain
🌈,Rainbow,stop the rain
🌈,Rainbow,after freezing rain
🌈,Rainbow,after the merger
🎾,Tennis,match
✏️,Pencil,pencil office
✏️,Pencil,registry office
✏️,Pencil,pencil drawing
🌧️,Cloud with Rain,rainy
🧺,Basket,material
🚲,Bicycle,bike exercise
🙏,Folded Hands,blessed day
🙏,Folded Hands,boxing day
🤔,Thinking Face,philosophical thought
🤔,Thinking Face,never thought
🤔,Thinking Face,i thought
🤔,Thinking Face,philosophical studies
💡,Light Bulb,electric bulb
💡,Light Bulb,electric tramway
🌡️,Thermometer,climate tool
🌡️,Thermometer,simulation tool
🌡️,Thermometer,climate maps
🌡️,Thermometer,learning tool
🕯️,Candle,candle flame
🕯️,Candle,purple flame
🕯️,Candle,blue flame
🕯️,Candle,candlelit
😎,Smiling Face with Sunglasses,energy
🙄,Face with Rolling Eyes,are you serious
🙄,Face with Rolling Eyes,call you serious
🙄,Face with Rolling Eyes,make you serious
🙄,Face with Rolling Eyes,consider you serious
🔌,Electric Plug,outlet plug
🔌,Electric Plug,outlet network
🔌,Electric Plug,outlet channel
🧭,Compass,navigation compass
🧭,Compass,navigation aid
🧭,Compass,navigation systems
📂,Open File Folder,folder data
📂,Open File Folder,census data
📂,Open File Folder,folder 512
👍,Thumbs Up,confirm
🍕,Pizza,dinner pizza
🍕,Pizza,dinnertime
🚽,Toilet,private room
🚽,Toilet,dining room
🚽,Toilet,boiler room
🚽,Toilet,reading room
📚,Books,read books
🌍,Globe Showing Europe-Africa,geography
🎈,Balloon,festive
❄️,Snowflake,water
🎁,Wrapped Gift,opening a present
🎁,Wrapped Gift,consider a present
🎁,Wrapped Gift,opening a window
⌛,Hourglass Done,glass timer
⌛,Hourglass Done,glass house
⌛,Hourglass Done,glassworks
🤔,Thinking Face,contemplating
🚂,Locomotive,engine
🧺,Basket,home
🌈,Rainbow,spectrum
🔨,Hammer,wood working tool
🔨,Hammer,wood working methods
🔨,Hammer,woodworking tool
🔨,Hammer,wood cutting tool
🧪,Test Tube,research
😂,Face with Tears of Joy,best joke of the day
😂,Face with Tears of Joy,best song of the day
😂,Face with Tears of Joy,biggest joke of the day
😂,Face with Tears of Joy,best joke from the day
✈️,Airplane,sky travel
✈️,Airplane,skywalker
✈️,Airplane,global travel
🧼,Soap,soap bathroom
🧼,Soap,soap operas
🧼,Soap,basement bathroom
🍺,Beer Mug,lager
🎁,Wrapped Gift,delivery
🍰,Shortcake,sugar cake
🍰,Shortcake,sugar maple
🚲,Bicycle,road
🔔,Bell,bell alarm
🔔,Bell,smoke alarm
🔔,Bell,fire alarm
😊,Smiling Face with Smiling Eyes,peace
🔔,Bell,school
🗺️,World Map,trip
🚲,Bicycle,travel
❤️,Red Heart,romantic feeling for you
❤️,Red Heart,sweet feeling for you
❤️,Red Heart,warm feeling for you
❤️,Red Heart,romantic feeling for love
⚽,Soccer Ball,black ball
🧼,Soap,bar
🔬,Microscope,study
✂️,Scissors,paper scissors
✂️,Scissors,papermaking
✂️,Scissors,razor scissors
☀️,Sun,glow
🚂,Locomotive,freight
🍕,Pizza,dinner
🏀,Basketball,hoop game
🏀,Basketball,hoopa
🚿,Shower,bathroom shower
🔌,Electric Plug,plug cable
🔌,Electric Plug,digital cable
🔌,Electric Plug,universal cable
🔔,Bell,attention
🚪,Door,portal to house
🚪,Door,room to house
🚪,Door,portal to paradise
🚪,Door,portalette house
🎁,Wrapped Gift,gesture
🍷,Wine Glass,dinner
✨,Sparkles,sparkles everywhere
✨,Sparkles,fly everywhere
😊,Smiling Face with Smiling Eyes,cheerful mood
😊,Smiling Face with Smiling Eyes,good mood
😊,Smiling Face with Smiling Eyes,bad mood
😊,Smiling Face with Smiling Eyes,cheerfulness
🏮,Red Paper Lantern,paper lantern
🏮,Red Paper Lantern,magic lantern
🏮,Red Paper Lantern,paper mill
🏮,Red Paper Lantern,paperworks
☀️,Sun,sunny day
☀️,Sun,independence day
✏️,Pencil,creative art tool
✏️,Pencil,digital art tool
✏️,Pencil,creative commons tool
🧪,Test Tube,tube
⌛,Hourglass Done,hourglass timer
⌛,Hourglass Done,spring timer
⌛,Hourglass Done,quick timer
🔨,Hammer,hammer renovation
🔨,Hammer,2006 renovation
🔨,Hammer,interior renovation
🔨,Hammer,hammerstein
🕰️,Mantelpiece Clock,alarm clock
😭,Loudly Crying Face,pure sadness
😭,Loudly Crying Face,pure love
😭,Loudly Crying Face,pure blood
😭,Loudly Crying Face,eternal sadness
🔨,Hammer,head
📂,Open File Folder,records folder
📂,Open File Folder,records uk
📂,Open File Folder,file folder
📑,Bookmark Tabs,tabs
🌡️,Thermometer,temperature
☀️,Sun,summer
🎁,Wrapped Gift,package gift
🎸,Guitar,loud
✨,Sparkles,glow
🚂,Locomotive,railway train
🚂,Locomotive,railway stations
🚂,Locomotive,freight train
🚂,Locomotive,railway museum
🎁,Wrapped Gift,gift reward
🎁,Wrapped Gift,cash reward
🧺,Basket,basket storage
🧺,Basket,mass storage
🤣,Rolling on the Floor Laughing,hysterical laughter
🤣,Rolling on the Floor Laughing,idle laughter
🤣,Rolling on the Floor Laughing,loud laughter
⚽,Soccer Ball,team ball
⚽,Soccer Ball,team gb
🗺️,World Map,map
🖼️,Framed Picture,artwork frame
🔨,Hammer,manual labor
🔨,Hammer,manual transmission
🧼,Soap,bar of soap
🧼,Soap,queen of soap
🧼,Soap,bar of england
🧼,Soap,encyclopedia of soap
💔,Broken Heart,love
🍎,Red Apple,apple snack
🍎,Red Apple,bubble snack
🍎,Red Apple,jelly snack
🔥,Fire,burning up
🔥,Fire,burning grass
🔥,Fire,shut up
🔥,Fire,looking sharp
🔥,Fire,cecil sharp
🔥,Fire,looking backward
🥪,Sandwich,food
🐶,Dog Face,furry dog
🐶,Dog Face,furry bear
🍷,Wine Glass,merlot
🌈,Rainbow,color
📡,Satellite Antenna,satellite signal
📡,Satellite Antenna,satellite communications
📡,Satellite Antenna,analog signal
📓,Notebook,notebook diary
🛁,Bathtub,bath soak
🛁,Bathtub,the soak
🍎,Red Apple,healthy eating habits
🍎,Red Apple,healthy eating disorder
🍎,Red Apple,mixed eating habits
🍎,Red Apple,healthy feeding habits
Couch and Lamp,sofa relaxing,
🛋️,Couch and Lamp,and relaxing
🔦,Flashlight,battery
🥳,Partying Face,party vibes
🥳,Partying Face,party website
🐱,Cat Face,food
😂,Face with Tears of Joy,massif central
😂,Face with Tears of Joy,rosario central
😂,Face with Tears of Joy,chennai central
🌍,Globe Showing Europe-Africa,saving the planet
🌍,Globe Showing Europe-Africa,saving the world
🌍,Globe Showing Europe-Africa,saving our planet
🌍,Globe Showing Europe-Africa,saving another planet
🔨,Hammer,tool for home
🔨,Hammer,tool for learning
🔨,Hammer,toolbox home
🍺,Beer Mug,cheers with friends
🍺,Beer Mug,cheers with applause
🍺,Beer Mug,friends with friends
🍺,Beer Mug,walking with friends
📑,Bookmark Tabs,library tool
📑,Bookmark Tabs,library services
📑,Bookmark Tabs,simulation tool
🥳,Partying Face,let us celebrate tonight
🥳,Partying Face,let us go tonight
🥳,Partying Face,let us dance tonight
🥳,Partying Face,let us celebrate ourselves
🍔,Hamburger,dinner burger
🍔,Hamburger,dinner party
🍔,Hamburger,dinnertime
🧹,Broom,flight
🪒,Razor,metal safety razor
🪒,Razor,adjustable safety razor
🪒,Razor,synthetic safety razor
🪒,Razor,metal safety indicators
🔔,Bell,bell
📂,Open File Folder,open folder
📂,Open File Folder,open access
🔨,Hammer,wood hammer
🔨,Hammer,gold hammer
🔨,Hammer,silver hammer
🔨,Hammer,hammer hammer
🏀,Basketball,bouncing the ball
🏀,Basketball,bouncing the bells
🏀,Basketball,hit the ball
🏀,Basketball,bouncing rubber ball
🍰,Shortcake,bakery
🛋️,Couch and Lamp,sofa
🔥,Fire,fire emoji
🔥,Fire,hyundai emoji
🔥,Fire,firebird
🔋,Battery,electrical storage
🔋,Battery,electrical engineering
🔋,Battery,electrical equipment
🔋,Battery,mass storage
🤔,Thinking Face,wondering aloud
🤔,Thinking Face,speak aloud
🤔,Thinking Face,sing aloud
🤔,Thinking Face,wondering why
🚿,Shower,hygiene
🎸,Guitar,guitar music
🎸,Guitar,roxy music
🎸,Guitar,guitar concerto
🔦,Flashlight,emergency
🤡,Clown Face,creepy
❄️,Snowflake,water snow
❄️,Snowflake,water aerodrome
❄️,Snowflake,watercolor
🔌,Electric Plug,plug wire
🔌,Electric Plug,razor wire
🔋,Battery,battery device
🔋,Battery,usb device
🧪,Test Tube,tube chemistry
🧪,Test Tube,tubeworm
🧪,Test Tube,tubercle
⌚,Watch,formal
📸,Camera with Flash,flash camera
📸,Camera with Flash,flashpoint
📸,Camera with Flash,flashdance
🚪,Door,handle and hinges
🚪,Door,handlebar hinges
🚪,Door,hinges and hinges
🚪,Door,handleless hinges
🍰,Shortcake,food cake
🍰,Shortcake,food stamps
🍰,Shortcake,food security
📂,Open File Folder,folder
🔨,Hammer,hammer construction
🔨,Hammer,pipeline construction
🔨,Hammer,under construction
🔨,Hammer,road construction
🤔,Thinking Face,unsure about this
🤔,Thinking Face,think about this
🤔,Thinking Face,unsure about whether
🕰️,Mantelpiece Clock,ticking
💔,Broken Heart,aching heart
💔,Broken Heart,my heart
💔,Broken Heart,broken heart
🔔,Bell,sound bell
🔔,Bell,sound effects
🔔,Bell,sound mixing
✨,Sparkles,glittering
💀,Skull,end of time
💀,Skull,passage of time
💀,Skull,end of tour
💀,Skull,end game time
📡,Satellite Antenna,antenna
🖋️,Fountain Pen,metal pen
🖋️,Fountain Pen,metalworks
📑,Bookmark Tabs,markers
🏀,Basketball,ball
🚿,Shower,cleaning yourself
🚿,Shower,cleaning rooms
🚿,Shower,protect yourself
🚿,Shower,help yourself
🍰,Shortcake,cake slice
🍰,Shortcake,moon slice
🍰,Shortcake,lemon slice
😎,Smiling Face with Sunglasses,keeping chill
😎,Smiling Face with Sunglasses,cold chill
😎,Smiling Face with Sunglasses,keeping secrets
😎,Smiling Face with Sunglasses,snowy chill
😭,Loudly Crying Face,crying hard
😭,Loudly Crying Face,crying angels
😭,Loudly Crying Face,crying baby
😭,Loudly Crying Face,break hard
❄️,Snowflake,wonderland
📂,Open File Folder,work organization
📂,Open File Folder,workday
📂,Open File Folder,nonprofit organization
🚗,Automobile,motor
📱,Mobile Phone,digital communication
📱,Mobile Phone,electronic communication
📱,Mobile Phone,organizational communication
📱,Mobile Phone,digital mapping
📑,Bookmark Tabs,sticky tabs
📑,Bookmark Tabs,info tabs
📑,Bookmark Tabs,sticky sauce
🔨,Hammer,hammer wood
🔨,Hammer,hammer throw
🔨,Hammer,dean wood
🔨,Hammer,nail
📓,Notebook,taking minutes
📓,Notebook,30 minutes
📓,Notebook,taking yields
📡,Satellite Antenna,antenna communication
📡,Satellite Antenna,antennaguide
🧭,Compass,navigation
🌧,Cloud with Rain,cloud
🥪,Sandwich,quick tasty lunch
🥪,Sandwich,quick tasty meal
🥪,Sandwich,a tasty lunch
🥪,Sandwich,sunday tasty lunch
🏀,Basketball,team game
🏀,Basketball,team gb
🏮,Red Paper Lantern,festive light
🏮,Red Paper Lantern,festive festival
🏮,Red Paper Lantern,festive celebration
🚀,Rocket,ambitious
🛳️,Passenger Ship,ship boat
🛳️,Passenger Ship,dragon boat
🧸,Teddy Bear,child teddy
🧸,Teddy Bear,child abuse
🧸,Teddy Bear,uncle teddy
🙄,Face with Rolling Eyes,whatever you say
🙄,Face with Rolling Eyes,whatever you want
🙄,Face with Rolling Eyes,whatever i say
🔋,Battery,alkaline battery
🔋,Battery,1st battery
🔋,Battery,3rd battery
🔌,Electric Plug,cable plug
🏀,Basketball,basketball sports
🏀,Basketball,varsity sports
😍,Smiling Face with Heart-Eyes,falling for you
😍,Smiling Face with Heart-Eyes,falling for love
😍,Smiling Face with Heart-Eyes,falling into you
📚,Books,academic research
📚,Books,academic excellence
📚,Books,academic affairs
📚,Books,academic departments
❤️,Red Heart,classic red heart shape
❤️,Red Heart,classic red heart lp
❤️,Red Heart,classic upright heart shape
🙄,Face with Rolling Eyes,dismissive look
🙄,Face with Rolling Eyes,dismissive comments
💀,Skull,extremely tired
💀,Skull,extremely rare
💀,Skull,extremely sensitive
💀,Skull,feel tired
🙄,Face with Rolling Eyes,eye roll
🙄,Face with Rolling Eyes,cinnamon roll
🙄,Face with Rolling Eyes,eyelash
😭,Loudly Crying Face,waterfalls of tears
😭,Loudly Crying Face,waterfalls without tears
😭,Loudly Crying Face,waterfalls of india
💀,Skull,inside
😎,Smiling Face with Sunglasses,smooth and relaxed vibe
😎,Smiling Face with Sunglasses,smooth and relaxed skin
😎,Smiling Face with Sunglasses,smooth and smooth vibe
😎,Smiling Face with Sunglasses,smooth jazz relaxed vibe
🍎,Red Apple,fiber
🛳️,Passenger Ship,hotel
🛁,Bathtub,wash bath
🛁,Bathtub,washroom
🛁,Bathtub,washburn
🧸,Teddy Bear,fur
🔥,Fire,lit af
🔥,Fire,litchfield
💡,Light Bulb,plan bulb
💡,Light Bulb,plan iv
🛳️,Passenger Ship,vessel
📓,Notebook,spiral bound
📓,Notebook,spiral galaxy
🕰️,Mantelpiece Clock,vintage style
🕰️,Mantelpiece Clock,architectural style
🕰️,Mantelpiece Clock,vintage guitars
⚽,Soccer Ball,soccer game
⚽,Soccer Ball,championship game
📂,Open File Folder,digital files
📂,Open File Folder,mp3 files
📂,Open File Folder,google files
😍,Smiling Face with Heart-Eyes,beautiful eyes
😍,Smiling Face with Heart-Eyes,green eyes
🧪,Test Tube,test chemistry
🧪,Test Tube,test results
📚,Books,books reading
📚,Books,torah reading
🍺,Beer Mug,alcohol
🐱,Cat Face,kitten face
🐱,Cat Face,poker face
🐱,Cat Face,kitten mouse
🗺️,World Map,map navigation
🗺️,World Map,maritime navigation
🏮,Red Paper Lantern,red lantern
🚗,Automobile,daily driving
🚗,Automobile,easy driving
🚗,Automobile,competitive driving
🚗,Automobile,daily express
🎸,Guitar,song
👍,Thumbs Up,i approve of this
👍,Thumbs Up,i know of this
👍,Thumbs Up,i approve all this
👍,Thumbs Up,i approve of thee
🌈,Rainbow,bright
📱,Mobile Phone,pocket phone
📱,Mobile Phone,pocketbook
✏️,Pencil,graphite
🕰️,Mantelpiece Clock,vintage clock
🕰️,Mantelpiece Clock,vintage bicycles
🖋️,Fountain Pen,pen writing
🖋️,Fountain Pen,penrose
🖋️,Fountain Pen,penrith
✈️,Airplane,plane
🛁,Bathtub,relaxation
❄️,Snowflake,chilly outdoor temp
❄️,Snowflake,chilly de temp
❄️,Snowflake,outdoor outdoor temp
❄️,Snowflake,chilly outdoor climate
🤡,Clown Face,joking face
🍦,Soft Serve,frozen dessert
🍦,Soft Serve,frozen futures
💔,Broken Heart,heavy sadness
💔,Broken Heart,heavy rain
💔,Broken Heart,heavy duty
💔,Broken Heart,eternal sadness
👍,Thumbs Up,confirm the message
👍,Thumbs Up,deliver the message
👍,Thumbs Up,confirm your message
📚,Books,covers
🍕,Pizza,party
🚪,Door,hinges
🛏️,Bed,comfortable sleep
🛏️,Bed,comfortableness
🧭,Compass,directional compass
🧭,Compass,directional analysis
🧭,Compass,directional mapping
🕰️,Mantelpiece Clock,antique time
🕰️,Mantelpiece Clock,antique museum
🕰️,Mantelpiece Clock,extra time
🕰️,Mantelpiece Clock,antique store
📓,Notebook,write notes
🛁,Bathtub,cleaning time
🛁,Bathtub,extra time
🛁,Bathtub,prime time
🛁,Bathtub,cleaning equipment
😍,Smiling Face with Heart-Eyes,heart eyes
😍,Smiling Face with Heart-Eyes,heartache
😍,Smiling Face with Heart-Eyes,heart attack
👍,Thumbs Up,nice
🐶,Dog Face,loyal puppy
🐶,Dog Face,loyalties
🕰️,Mantelpiece Clock,shelf clock
📱,Mobile Phone,modern technology
📱,Mobile Phone,modernity
🛳️,Passenger Ship,crossing the sea
🛳️,Passenger Ship,beneath the sea
🛳️,Passenger Ship,crossing the thames
🛳️,Passenger Ship,crossing arabian sea
🚀,Rocket,moon launch
🚀,Rocket,vehicle launch
🚀,Rocket,2020 launch
🔬,Microscope,microscope
☀️,Sun,clear blue sky
☀️,Sun,clear mountain sky
☀️,Sun,clear blue skies
☀️,Sun,clear cloudy sky
🕰️,Mantelpiece Clock,mantel clock
🕰️,Mantelpiece Clock,mantelpiece
🐶,Dog Face,breed puppy
🐶,Dog Face,breeder
📸,Camera with Flash,snapping a shot
📸,Camera with Flash,snapping the shot
📸,Camera with Flash,snapping a whip
📸,Camera with Flash,snapping a tooth
🧹,Broom,broom witch
🧹,Broom,wicked witch
🚗,Automobile,vehicle
📱,Mobile Phone,modern phone
📱,Mobile Phone,smart phone
📱,Mobile Phone,modern dance
📸,Camera with Flash,snapping
🐱,Cat Face,animal with claws
🐱,Cat Face,animal claw claws
🐱,Cat Face,claws with claws
🐱,Cat Face,animal with wings
💡,Light Bulb,bright
📈,Chart Increasing,scaling to the top
📈,Chart Increasing,race to the top
📈,Chart Increasing,scaling towards the top
📈,Chart Increasing,scaling to the limit
✨,Sparkles,shimmer
🐱,Cat Face,curious
🍕,Pizza,pie pizza
🍕,Pizza,pietra
📱,Mobile Phone,app phone
📱,Mobile Phone,append
🔋,Battery,energy battery
🔋,Battery,mobile battery
🔋,Battery,energy resources
🥗,Green Salad,salad green
🥗,Green Salad,robson green
🥗,Green Salad,forest green
📸,Camera with Flash,photo memories
📸,Camera with Flash,bad memories
✂️,Scissors,snipping with tool
✂️,Scissors,snipping with bugs
✂️,Scissors,tool with tool
✂️,Scissors,snipping tool tool
🎈,Balloon,red
🌡️,Thermometer,thermometer digital
🌡️,Thermometer,virgin digital
🌡️,Thermometer,amazon digital
🌧️,Cloud with Rain,sky
🌧️,Cloud with Rain,falling
📈,Chart Increasing,progress chart
📈,Chart Increasing,progress report
🔒,Locked,padlock
🧼,Soap,scented soap
🧼,Soap,scented flowers
🔑,Key,building key
🔑,Key,building materials
⚽,Soccer Ball,soccer goals
💊,Pill,small drug pill
💊,Pill,small pill pill
💊,Pill,small druggist
💊,Pill,small drug companies
🔥,Fire,something is burning hot
🔥,Fire,it is burning hot
🔥,Fire,heaven is burning hot
🔥,Fire,something like burning hot
🍎,Red Apple,red apple
🍎,Red Apple,red arrows
🍎,Red Apple,red bull
📂,Open File Folder,project folder
📏,Straight Ruler,math ruler
📏,Straight Ruler,mathema
📏,Straight Ruler,mathieu
📏,Straight Ruler,hereditary ruler
📍,Round Pushpin,tracking mark
📍,Round Pushpin,tracking devices
🧬,DNA,genes dna
🎾,Tennis,professional tennis tour
🎾,Tennis,professional tennis rankings
🎾,Tennis,professional curling tour
😭,Loudly Crying Face,crying time
😭,Loudly Crying Face,all time
🤡,Clown Face,fool
🧼,Soap,staying clean
🧼,Soap,certified clean
🧼,Soap,cut clean
🧼,Soap,stripped clean
🌈,Rainbow,symbol of peace
🌈,Rainbow,symbol of excellence
🌈,Rainbow,symbol of fertility
🌈,Rainbow,justices of peace
🔦,Flashlight,camping gear
🔦,Flashlight,steering gear
🔦,Flashlight,landing gear
🔦,Flashlight,camping grounds
📈,Chart Increasing,direction chart
📈,Chart Increasing,direction unknown
🚪,Door,sign
🚂,Locomotive,locomotive
📓,Notebook,supply
🤡,Clown Face,creepy vibes
🤡,Clown Face,bad vibes
🤡,Clown Face,creepy monster
🤡,Clown Face,creepy tales
🛋️,Couch and Lamp,furniture couch
🛋️,Couch and Lamp,furniture store
⚽,Soccer Ball,kicking the ball
⚽,Soccer Ball,kicking the dead
⚽,Soccer Ball,kicking a ball
⚽,Soccer Ball,hit the ball
📍,Round Pushpin,meet
🎸,Guitar,music
📂,Open File Folder,folder storage
📂,Open File Folder,pumped storage
✂️,Scissors,sharp
🏀,Basketball,team sports fun
🏀,Basketball,extreme sports fun
🏀,Basketball,yahoo sports fun
✨,Sparkles,beautiful sparkling lights
✨,Sparkles,beautiful sparkling skies
✨,Sparkles,dazzling sparkling lights
✨,Sparkles,beautiful sparkling waters
🙄,Face with Rolling Eyes,so tired
🙄,Face with Rolling Eyes,grow tired
🙄,Face with Rolling Eyes,feel tired
✂️,Scissors,cutting paper
✂️,Scissors,cutting ribbon
✂️,Scissors,toilet paper
✂️,Scissors,cutting edges
🙏,Folded Hands,thank you
🙏,Folded Hands,love you
🙏,Folded Hands,bless you
🙏,Folded Hands,thank goodness
🔥,Fire,scorching hot
🔥,Fire,scorching flesh
🔥,Fire,red hot
🔥,Fire,blazing hot
💔,Broken Heart,feeling very heartbroken
💔,Broken Heart,feeling very lonely
💔,Broken Heart,feeling very comfortable
😊,Smiling Face with Smiling Eyes,pleasant and cheerful mood
😊,Smiling Face with Smiling Eyes,pleasant and pleasant mood
😊,Smiling Face with Smiling Eyes,pleasant and cheerful disposition
🎁,Wrapped Gift,gift holiday
🎁,Wrapped Gift,bank holiday
🔬,Microscope,analysis
📡,Satellite Antenna,communication antenna
📡,Satellite Antenna,communication systems
📡,Satellite Antenna,communication engineering
📡,Satellite Antenna,communication technologies
🧸,Teddy Bear,bear
✨,Sparkles,stars
🐶,Dog Face,cute puppy ears
🐶,Dog Face,cute pink ears
🐶,Dog Face,big puppy ears
🕰️,Mantelpiece Clock,keeping time
🕰️,Mantelpiece Clock,keeping secrets
🎁,Wrapped Gift,surprise
🤣,Rolling on the Floor Laughing,laughing
🍎,Red Apple,orchard
🏮,Red Paper Lantern,paper red
🍕,Pizza,favorite
📍,Round Pushpin,specific place
📍,Round Pushpin,3rd place
📍,Round Pushpin,specificity
🥗,Green Salad,salad with dressing
🥗,Green Salad,salad fruit dressing
🥗,Green Salad,help with dressing
🏮,Red Paper Lantern,holiday
🔒,Locked,privacy
🖼️,Framed Picture,decoration frame
🖼️,Framed Picture,decoration decoration
📱,Mobile Phone,gadget
🤔,Thinking Face,deep logic
🤔,Thinking Face,deep blue
🍕,Pizza,pizza
📚,Books,books education
📚,Books,physical education
📚,Books,higher education
🚲,Bicycle,mountain or road
🚲,Bicycle,mountain view road
🚲,Bicycle,mountain or mountain
🚲,Bicycle,mountain or mountains
✂️,Scissors,craft
🐶,Dog Face,dog furry
🍰,Shortcake,fluffy
📡,Satellite Antenna,satellite
💻,Laptop,life
🍷,Wine Glass,drink
☀️,Sun,sunny weather
🍦,Soft Serve,ice cream cone
🍦,Soft Serve,ice cream factory
🍦,Soft Serve,sour cream cone
🍦,Soft Serve,ice hockey cone
✂️,Scissors,sewing scissors
✂️,Scissors,sewing factory
✂️,Scissors,sewing machine
🔒,Locked,locked lock
🛋️,Couch and Lamp,couch design
📓,Notebook,diary
🐱,Cat Face,animal
🔒,Locked,private
📏,Straight Ruler,school math tool
📏,Straight Ruler,school survival tool
📏,Straight Ruler,school resource tool
🔭,Telescope,observatory
🌧️,Cloud with Rain,storm and clouds
🌧️,Cloud with Rain,clouds and clouds
🌧️,Cloud with Rain,smoke and clouds
🌧️,Cloud with Rain,stars and clouds
🐱,Cat Face,pointy cat ears
🐱,Cat Face,yellow cat ears
🐱,Cat Face,pointy cattail
🐱,Cat Face,big cat ears
✂️,Scissors,metal blades
✂️,Scissors,grass blades
✂️,Scissors,metalworks
🧪,Test Tube,mixing
⌛,Hourglass Done,end
📈,Chart Increasing,moving in right direction
📈,Chart Increasing,travelling in right direction
📈,Chart Increasing,moving in either direction
📈,Chart Increasing,moving to right direction
🏠,House,safe house
🏠,House,safeway
🌧️,Cloud with Rain,rainy weather
🌧️,Cloud with Rain,rainy season
🌧️,Cloud with Rain,rainy day
🚽,Toilet,toilet bowl
🚽,Toilet,sugar bowl
🕯️,Candle,wax
😂,Face with Tears of Joy,funny meme
😂,Face with Tears of Joy,hello meme
😂,Face with Tears of Joy,funny tales
😂,Face with Tears of Joy,internet meme
🛳️,Passenger Ship,ship ocean
🛳️,Passenger Ship,pacific ocean
💊,Pill,doctor's advice
💊,Pill,doctor's tale
💊,Pill,practical advice
💊,Pill,financial advice
🪒,Razor,barber
🌍,Globe Showing Europe-Africa,globe earth
🌍,Globe Showing Europe-Africa,globe express
😴,Sleeping Face,midnight face
🛳️,Passenger Ship,travel by sea
🛳️,Passenger Ship,travel via sea
🛳️,Passenger Ship,inaccessible by sea
🛳️,Passenger Ship,sailing by sea
🐱,Cat Face,claws
🎾,Tennis,yellow
🌡️,Thermometer,weather
🍰,Shortcake,pastry cake
💡,Light Bulb,glass bulb
💡,Light Bulb,glass house
💡,Light Bulb,glassware
📡,Satellite Antenna,broadcast
🔬,Microscope,laboratory equipment
🔬,Microscope,camping equipment
🔬,Microscope,laboratory automation
🔬,Microscope,laboratory operations
⌛,Hourglass Done,waiting
🏀,Basketball,team fun
🏀,Basketball,team usa
🏀,Basketball,fun fun
🏀,Basketball,poke fun
🍎,Red Apple,vitamins and fiber
🍎,Red Apple,steel and fiber
🍎,Red Apple,glass and fiber
🍎,Red Apple,vitamins and oils
🏮,Red Paper Lantern,lantern red
🏮,Red Paper Lantern,lantern corps
🏮,Red Paper Lantern,bright red
😂,Face with Tears of Joy,laughing non stop
😂,Face with Tears of Joy,laughing non fiction
😂,Face with Tears of Joy,laughing and stop
🔥,Fire,trending now
🔥,Fire,till now
🔥,Fire,trending trends
😴,Sleeping Face,snoring
🎈,Balloon,shape
🍰,Shortcake,bakery fresh cake
🍰,Shortcake,bakery freshener
🍰,Shortcake,strawberry fresh cake
🍰,Shortcake,sweet fresh cake
🛁,Bathtub,water bath
🛁,Bathtub,water aerodrome
🛁,Bathtub,watercolor
📏,Straight Ruler,straight ruler
📏,Straight Ruler,straight line
📏,Straight Ruler,straight ahead
📏,Straight Ruler,straightaway
🍎,Red Apple,surface
🔋,Battery,alkaline acid
🔋,Battery,alkaline soils
☀️,Sun,warmth sun
💀,Skull,dead tired
💀,Skull,grow tired
✈️,Airplane,sky high travel
✈️,Airplane,skyways travel
✈️,Airplane,mile high travel
✈️,Airplane,ultra high travel
😭,Loudly Crying Face,i can't stop weeping
😭,Loudly Crying Face,i must stop weeping
😭,Loudly Crying Face,i can't stand weeping
😭,Loudly Crying Face,we can't stop weeping
😊,Smiling Face with Smiling Eyes,friendly greeting for you
😊,Smiling Face with Smiling Eyes,friendly greeting with you
😊,Smiling Face with Smiling Eyes,pleasant greeting for you
😊,Smiling Face with Smiling Eyes,friendly greeting from you
🤣,Rolling on the Floor Laughing,peak comedy
🤣,Rolling on the Floor Laughing,sketch comedy
🤣,Rolling on the Floor Laughing,romantic comedy
🤣,Rolling on the Floor Laughing,divine comedy
✈️,Airplane,jet
🛋️,Couch and Lamp,lounge couch
🛋️,Couch and Lamp,lounge cafe
😭,Loudly Crying Face,absolute grief
😭,Loudly Crying Face,absolute magnitude
😭,Loudly Crying Face,mourning grief
☕,Hot Beverage,coffee
🐱,Cat Face,curious feline face
🐱,Cat Face,curious feline lizard
🐱,Cat Face,upper feline face
🐱,Cat Face,curious smiley face
🍎,Red Apple,apple eating
🍎,Red Apple,easy eating
📈,Chart Increasing,stock
📸,Camera with Flash,capturing
⚽,Soccer Ball,kicking
🌡️,Thermometer,weather heat
🌡️,Thermometer,qualifying heat
🌡️,Thermometer,dead heat
⌚,Watch,smart device
⌚,Watch,portable device
🌍,Globe Showing Europe-Africa,saving
💔,Broken Heart,shattered heart
💔,Broken Heart,sacred heart
🚽,Toilet,water toilet
🚽,Toilet,watercolor
📡,Satellite Antenna,technology link
📡,Satellite Antenna,technology institute
📡,Satellite Antenna,external link
📡,Satellite Antenna,technology development
🛋️,Couch and Lamp,tv
🎸,Guitar,chords
🔦,Flashlight,handheld light
🔦,Flashlight,handheld sensor
🛋️,Couch and Lamp,cushions
🧹,Broom,cleaning tool
🧹,Broom,learning tool
🧹,Broom,cleaning rooms
🏀,Basketball,dribbling ball
🏀,Basketball,dribbling sheep
🏀,Basketball,roger ball
🚿,Shower,wet
✏️,Pencil,table drawing
✏️,Pencil,3d drawing
🌧️,Cloud with Rain,outside
😴,Sleeping Face,resting
🛏️,Bed,mattress
🎁,Wrapped Gift,birthday
🧪,Test Tube,tube liquid
🧪,Test Tube,mineral liquid
🔭,Telescope,telescope
⌚,Watch,watch device
⌚,Watch,mobile device
🛏️,Bed,pillow bed
🛏️,Bed,pillowtalk
😊,Smiling Face with Smiling Eyes,smiling eyes
😊,Smiling Face with Smiling Eyes,blue eyes
😍,Smiling Face with Heart-Eyes,i absolutely adore this
😍,Smiling Face with Heart-Eyes,i absolutely adore thee
😍,Smiling Face with Heart-Eyes,i greatly adore this
📈,Chart Increasing,profits are rising
📈,Chart Increasing,tides are rising
📈,Chart Increasing,profits were rising
📈,Chart Increasing,winds are rising
💰,Money Bag,profit and earnings
💰,Money Bag,profit and security
💰,Money Bag,profitable earnings
💰,Money Bag,profitability earnings
🔌,Electric Plug,charging
🚂,Locomotive,engine locomotive
🚂,Locomotive,engine failure
🚂,Locomotive,engine displacement
🚂,Locomotive,electric locomotive
🔦,Flashlight,flashlight bright
🔦,Flashlight,shining bright
🔬,Microscope,science microscope
🔬,Microscope,science magazine
🔬,Microscope,molecular microscope
🔬,Microscope,science fiction
🚂,Locomotive,rail train
🚂,Locomotive,railhead
🕯️,Candle,candle romantic
🕯️,Candle,true romantic
📑,Bookmark Tabs,bookmark
😊,Smiling Face with Smiling Eyes,cheerful spirit
😊,Smiling Face with Smiling Eyes,holy spirit
🧼,Soap,soap clean
🧼,Soap,soapbox
🥗,Green Salad,lettuce and spinach
🥗,Green Salad,lettuce or spinach
🥗,Green Salad,tomato and spinach
🧭,Compass,guide for travel
🧭,Compass,tickets for travel
🧭,Compass,guideway travel
🧭,Compass,guide for photography
🔔,Bell,alarm
🍦,Soft Serve,cream
🧹,Broom,sweeping up dust
🧹,Broom,sweeping the dust
🧹,Broom,stirring up dust
🧹,Broom,stir up dust
📡,Satellite Antenna,communication
🚂,Locomotive,metal
🧸,Teddy Bear,teddy
🤔,Thinking Face,thinking cap on
🤔,Thinking Face,thinking depends on
🤔,Thinking Face,white cap on
🤔,Thinking Face,thinking hard on
🤔,Thinking Face,pondering the future
🤔,Thinking Face,facing the future
🤔,Thinking Face,pondering the consequences
🔨,Hammer,repair hammer
🔨,Hammer,repair shop
🔒,Locked,protection and safety
🔒,Locked,protection and security
🔒,Locked,protection of safety
🔒,Locked,protection and enhancement
☕,Hot Beverage,caffeine
⌚,Watch,ticking
🍕,Pizza,food
🏀,Basketball,orange ball
🏀,Basketball,crystal ball
📡,Satellite Antenna,antenna satellite
📡,Satellite Antenna,antenna failure
📡,Satellite Antenna,intel satellite
✨,Sparkles,fresh
🥳,Partying Face,festive vibes
🥳,Partying Face,festive celebration
🥳,Partying Face,festive celebrations
💀,Skull,morbid
☕,Hot Beverage,steam
📈,Chart Increasing,direction
🪒,Razor,bathroom accessory
🪒,Razor,special accessory
🪒,Razor,bathroom sink
🪒,Razor,shoe accessory
🔋,Battery,low battery life
🔋,Battery,low battery capacity
🔋,Battery,maximum battery life
🔋,Battery,reduced battery life
🖋️,Fountain Pen,ink
🛏️,Bed,mattress and pillow
🛏️,Bed,pillow and pillow
🛏️,Bed,blanket and pillow
🛏️,Bed,mattress or pillow
😴,Sleeping Face,bed
🔌,Electric Plug,socket and plug
🔌,Electric Plug,socket and socket
🍺,Beer Mug,beer
📑,Bookmark Tabs,tabs tool
📑,Bookmark Tabs,mapping tool
🔭,Telescope,space
🎁,Wrapped Gift,present
🌧️,Cloud with Rain,storm
🏀,Basketball,dunking on the net
🏀,Basketball,dunking on social net
🏀,Basketball,live on the net
🏀,Basketball,dunking on the beach
✈️,Airplane,pilot cabin
✈️,Airplane,pilot simulator
✈️,Airplane,log cabin
✈️,Airplane,passenger cabin
🧹,Broom,handle
🔔,Bell,classic
✏️,Pencil,office supply
✏️,Pencil,office building
✏️,Pencil,water supply
📂,Open File Folder,filename
📂,Open File Folder,hidden folder
📂,Open File Folder,file system
⌛,Hourglass Done,gravity
🥳,Partying Face,confetti and joy
🥳,Partying Face,love and joy
🥳,Partying Face,confetti and piano
🥳,Partying Face,pride and joy
🛋️,Couch and Lamp,lounge
⌚,Watch,watch ticking
⌚,Watch,slow ticking
⌚,Watch,clock ticking
😭,Loudly Crying Face,crying emoji
😭,Loudly Crying Face,toyota emoji
📏,Straight Ruler,ruler math
📏,Straight Ruler,applied math
🍔,Hamburger,meat burger
🍔,Hamburger,meat packing
🍔,Hamburger,meat loaf
😍,Smiling Face with Heart-Eyes,so cute
😍,Smiling Face with Heart-Eyes,miss cute
😍,Smiling Face with Heart-Eyes,cute cute
☀️,Sun,shining sun
☀️,Sun,shining light
🧬,DNA,dna spiral
🧬,DNA,false spiral
🧬,DNA,downward spiral
✨,Sparkles,magical fairy dust
✨,Sparkles,magical fairytale
✨,Sparkles,magical fairy tales
🔌,Electric Plug,outlet
🔋,Battery,power
📸,Camera with Flash,photographer
☀️,Sun,bright sun
🤣,Rolling on the Floor Laughing,ridiculous
🔨,Hammer,fix hammer
🔨,Hammer,fixation
🌡️,Thermometer,medical thermometer
🛁,Bathtub,deep water wash
🛁,Bathtub,deep water diving
🛁,Bathtub,mineral water wash
🚽,Toilet,flushing toilet
🚽,Toilet,flushing meadows
🛁,Bathtub,soaking in water
🛁,Bathtub,drowning in water
🛁,Bathtub,swimming in water
😂,Face with Tears of Joy,oh my god lol
😂,Face with Tears of Joy,oh my sweet lol
😂,Face with Tears of Joy,oh oh god lol
😂,Face with Tears of Joy,oh my darling lol
🍔,Hamburger,lunch burger
🍔,Hamburger,lunchroom
🍔,Hamburger,luncheon
💔,Broken Heart,grief
🍔,Hamburger,seeds
✨,Sparkles,luxury
🔥,Fire,hot and spicy
🔥,Fire,spicy and spicy
🔥,Fire,warm and spicy
🔒,Locked,security
🤣,Rolling on the Floor Laughing,laughing hard
🤣,Rolling on the Floor Laughing,laughing aloud
🤣,Rolling on the Floor Laughing,die hard
🤣,Rolling on the Floor Laughing,rock hard
🔦,Flashlight,flashlight tool
🔦,Flashlight,learning tool
🍕,Pizza,sauce
🌈,Rainbow,arc
🍕,Pizza,italian food
🍕,Pizza,italian wikipedia
🍕,Pizza,canned food
🍕,Pizza,fast food
🚂,Locomotive,railway locomotive
🚂,Locomotive,diesel locomotive
🏮,Red Paper Lantern,lantern paper
🏮,Red Paper Lantern,toilet paper
💻,Laptop,tech laptop
💻,Laptop,technik
💻,Laptop,technet
💻,Laptop,tech magazine
🥗,Green Salad,vegetable
🚿,Shower,shower hot
🚿,Shower,red hot
🚿,Shower,blazing hot
🔋,Battery,battery power
🔋,Battery,motive power
🤡,Clown Face,scary face
🤡,Clown Face,scary monsters
🚀,Rocket,high speed travel
🚀,Rocket,high altitude travel
🚀,Rocket,high level travel
🔭,Telescope,stars watch
🔭,Telescope,neighbourhood watch
🔭,Telescope,starshine
🔭,Telescope,facebook watch
👍,Thumbs Up,okay
💻,Laptop,laptop screen open
💻,Laptop,lcd screen open
💻,Laptop,laptop screen display
💻,Laptop,laptop window open
🕰️,Mantelpiece Clock,clock vintage
🕰️,Mantelpiece Clock,2008 vintage
🧸,Teddy Bear,soft toy bear
🧸,Teddy Bear,giant toy bear
🧸,Teddy Bear,soft brown bear
🧸,Teddy Bear,soft toy factory
🛋️,Couch and Lamp,home couch
🛋️,Couch and Lamp,home plate
🐶,Dog Face,dog friend
🐶,Dog Face,childhood friend
💡,Light Bulb,finding a solution
💡,Light Bulb,consider a solution
💡,Light Bulb,define a solution
💡,Light Bulb,suppose a solution
🎈,Balloon,light and airy
🎈,Balloon,cool and airy
🎈,Balloon,warm and airy
🎈,Balloon,light and shadow
🔋,Battery,storage battery
🔋,Battery,storage facilities
🚪,Door,gate
🔌,Electric Plug,socket
😊,Smiling Face with Smiling Eyes,positive vibes
😊,Smiling Face with Smiling Eyes,bad vibes
😊,Smiling Face with Smiling Eyes,positive feedback
🍔,Hamburger,patty
🖋️,Fountain Pen,calligraphy tool
🖋️,Fountain Pen,simulation tool
🖋️,Fountain Pen,calligraphy workshop
📑,Bookmark Tabs,page marking
📑,Bookmark Tabs,vowel marking
⌛,Hourglass Done,sand dunes
📂,Open File Folder,file data
📂,Open File Folder,file format
🔌,Electric Plug,electricity plug
🔌,Electric Plug,spark plug
🔌,Electric Plug,electricity commission
📡,Satellite Antenna,receiving signals
📡,Satellite Antenna,traffic signals
📡,Satellite Antenna,receiving goals
📡,Satellite Antenna,receiving touchdowns
🍷,Wine Glass,wine merit
🍷,Wine Glass,highest merit
☀️,Sun,yellow
✂️,Scissors,scissors craft
✂️,Scissors,landing craft
✂️,Scissors,flying craft
✂️,Scissors,rescue craft
😊,Smiling Face with Smiling Eyes,friendly smile
😊,Smiling Face with Smiling Eyes,friendly games
😊,Smiling Face with Smiling Eyes,wicked smile
🤔,Thinking Face,internal dialogue
🤔,Thinking Face,animated dialogue
🤔,Thinking Face,internal medicine
🤔,Thinking Face,internal combustion
🍺,Beer Mug,beer mug
🍺,Beer Mug,holy mug
🍺,Beer Mug,beer brewing
🥳,Partying Face,happy times
🥳,Partying Face,happy endings
🥳,Partying Face,sunday times
🥳,Partying Face,happy days
🔬,Microscope,microscope biology
🔬,Microscope,evolutionary biology
🔬,Microscope,molecular biology
🗺️,World Map,study
❤️,Red Heart,stay in love
❤️,Red Heart,stay in paradise
❤️,Red Heart,falling in love
🌡️,Thermometer,degree of heat
🌡️,Thermometer,degree ii heat
🌡️,Thermometer,cold thermometer
🌡️,Thermometer,coldwater
🛋️,Couch and Lamp,couch
🎾,Tennis,yellow ball
🎾,Tennis,yellow fever
🎾,Tennis,yellow line
🛳️,Passenger Ship,ship sea
🛳️,Passenger Ship,baltic sea
📑,Bookmark Tabs,categorizing info
📑,Bookmark Tabs,yahoo info
📑,Bookmark Tabs,categorizing categories
📑,Bookmark Tabs,google info
🔋,Battery,source
✏️,Pencil,writing and drawing
✏️,Pencil,writing and editing
✏️,Pencil,writing or drawing
🍎,Red Apple,apple red
🍎,Red Apple,bright red
🐶,Dog Face,friendly pet face
🐶,Dog Face,friendly petrel
🐶,Dog Face,friendly petting
🐶,Dog Face,baby pet face
📂,Open File Folder,data folder
☕,Hot Beverage,beverage
📏,Straight Ruler,measurement scale
📏,Straight Ruler,measurement theory
📏,Straight Ruler,richter scale
📏,Straight Ruler,ruler
❤️,Red Heart,i heart you
❤️,Red Heart,i owe you
❤️,Red Heart,i heartache
🏠,House,residential
🛁,Bathtub,soaking bath
🐱,Cat Face,cat whiskers
🐱,Cat Face,cathay
🐱,Cat Face,grey whiskers
😍,Smiling Face with Heart-Eyes,fan boy
😍,Smiling Face with Heart-Eyes,fanfare
😍,Smiling Face with Heart-Eyes,fanzine
😊,Smiling Face with Smiling Eyes,joyful soul
😊,Smiling Face with Smiling Eyes,joyful chorus
😊,Smiling Face with Smiling Eyes,joyful journey
🧬,DNA,complex spiral
🧬,DNA,complex multiplication
📈,Chart Increasing,business is doing well
📈,Chart Increasing,everyone is doing well
📈,Chart Increasing,business is working well
📈,Chart Increasing,business is progressing well
🎈,Balloon,decoration
💊,Pill,pill pharmacy
💊,Pill,general pharmacy
🛁,Bathtub,soaking
🔋,Battery,charging the device
🔋,Battery,charging the customer
🔋,Battery,charging sensor device
🔋,Battery,charging the user
📚,Books,study books
🌈,Rainbow,nature colors
🌈,Rainbow,all colors
🌈,Rainbow,nature conservation
🌈,Rainbow,regimental colors
😍,Smiling Face with Heart-Eyes,looking amazing
😍,Smiling Face with Heart-Eyes,absolutely amazing
😍,Smiling Face with Heart-Eyes,looking backward
🤣,Rolling on the Floor Laughing,laughing out loud
🤣,Rolling on the Floor Laughing,laughing too loud
🤣,Rolling on the Floor Laughing,laughing and loud
💊,Pill,chemical
📂,Open File Folder,file
💻,Laptop,device
🚂,Locomotive,smoke
🙏,Folded Hands,respect
🛏️,Bed,sleeping
🎈,Balloon,festive balloon
🎈,Balloon,festive celebrations
🎈,Balloon,festive celebration
🌧️,Cloud with Rain,wet
🍦,Soft Serve,snack at the beach
🍦,Soft Serve,snack at the bottom
🍦,Soft Serve,snack along the beach
🍦,Soft Serve,picnic at the beach
✂️,Scissors,project scissors
✂️,Scissors,steel scissors
🖼️,Framed Picture,painting frame
🖼️,Framed Picture,painting exhibition
🚀,Rocket,results
🔥,Fire,that outfit is lit
🔥,Fire,that candle is lit
🔥,Fire,every outfit is lit
🔥,Fire,that day is lit
❄️,Snowflake,water snowflake
❄️,Snowflake,waterworks
🥗,Green Salad,plant
🍰,Shortcake,cake piece
🍰,Shortcake,piano piece
🍰,Shortcake,keyboard piece
🤣,Rolling on the Floor Laughing,giggle fit
🤣,Rolling on the Floor Laughing,perfect fit
🤣,Rolling on the Floor Laughing,perfectly fit
🤡,Clown Face,you are being silly
🤡,Clown Face,you were being silly
🤡,Clown Face,things are being silly
🤡,Clown Face,you are so silly
🎾,Tennis,baseline
🔥,Fire,hot track
🔥,Fire,hot springs
🔥,Fire,hot chocolate
🔥,Fire,bonus track
😂,Face with Tears of Joy,cant stop laughing
😂,Face with Tears of Joy,cant be laughing
😂,Face with Tears of Joy,please stop laughing
😂,Face with Tears of Joy,cant thou laughing
🥗,Green Salad,meal
🚀,Rocket,power launch
🚀,Rocket,successful launch
🚀,Rocket,power supply
📡,Satellite Antenna,antenna signals
📡,Satellite Antenna,radar signals
🚿,Shower,routine
🐱,Cat Face,soft fur pet
🐱,Cat Face,penguin fur pet
🐱,Cat Face,fox fur pet
😭,Loudly Crying Face,sad face
😭,Loudly Crying Face,sadhu
😭,Loudly Crying Face,poker face
😎,Smiling Face with Sunglasses,boss
🖼️,Framed Picture,hanging art
📸,Camera with Flash,moment
🔥,Fire,fire in the sky
🔥,Fire,fire in the woods
🔥,Fire,fire in the forest
🔥,Fire,clouds in the sky
💡,Light Bulb,creativity bulb
💡,Light Bulb,creativity award
🍷,Wine Glass,deep red liquid
🍷,Wine Glass,deep blue liquid
🍷,Wine Glass,pale red liquid
🍷,Wine Glass,deep purple liquid
🔨,Hammer,metal
🚀,Rocket,ambitious power
🚀,Rocket,nuclear power
🚀,Rocket,motive power
🚪,Door,wooden door
🚪,Door,front door
🚪,Door,revolving door
🚪,Door,wooden box
🍺,Beer Mug,drinking cold beer
🍺,Beer Mug,hot cold beer
🍺,Beer Mug,drinking coldwater
🍺,Beer Mug,drinking root beer
🤣,Rolling on the Floor Laughing,funny as hell
🤣,Rolling on the Floor Laughing,funny ass hell
🤣,Rolling on the Floor Laughing,funny in hell
🤣,Rolling on the Floor Laughing,funny as usual
🖋️,Fountain Pen,pen elegant
🖋️,Fountain Pen,most elegant
📈,Chart Increasing,growth
📚,Books,student books
😴,Sleeping Face,exhausted and out
😴,Sleeping Face,here and out
😴,Sleeping Face,exhausted way out
😴,Sleeping Face,back and out
🔥,Fire,on a hot streak
🔥,Fire,chasing a hot streak
🔥,Fire,oncology hot streak
🔥,Fire,on a long streak
🥪,Sandwich,deli
🖼️,Framed Picture,museum art
🖼️,Framed Picture,installation art
🖼️,Framed Picture,museum gallery
💻,Laptop,remote laptop
💻,Laptop,intel laptop
📱,Mobile Phone,digital mobile
📱,Mobile Phone,amazon mobile
📱,Mobile Phone,digital download
🔒,Locked,locked access
📈,Chart Increasing,business vibes
📈,Chart Increasing,ghetto vibes
📈,Chart Increasing,business journal
🧺,Basket,woven storage
🧺,Basket,woven cloth
🎈,Balloon,decoration balloon
🎈,Balloon,decoration decoration
✨,Sparkles,prestige
🥪,Sandwich,meal
🙏,Folded Hands,namaste yoga
🙏,Folded Hands,sri yoga
🍷,Wine Glass,red
🏠,House,cozy
🛁,Bathtub,bathtub soap
🛁,Bathtub,inside soap
🛏️,Bed,bed sleep
🛏️,Bed,slow sleep
🙄,Face with Rolling Eyes,annoyed face
🥪,Sandwich,sandwich lunch
🥪,Sandwich,friday lunch
🥪,Sandwich,wednesday lunch
✂️,Scissors,supplies
🕯️,Candle,vigil
☀️,Sun,bright sunny day
☀️,Sun,bright shining day
☀️,Sun,bright blue day
☀️,Sun,bright green day
🛋️,Couch and Lamp,interior design
🛋️,Couch and Lamp,scenic design
🐶,Dog Face,friendly dog
🐶,Dog Face,shaggy dog
🐶,Dog Face,friendly match
🏠,House,estate
🙄,Face with Rolling Eyes,whatever dude
🙄,Face with Rolling Eyes,skinny dude
🙄,Face with Rolling Eyes,whatever happened
🙄,Face with Rolling Eyes,crazy dude
🏮,Red Paper Lantern,holiday light
🏮,Red Paper Lantern,holiday inn
🏮,Red Paper Lantern,holidaytime
🔬,Microscope,tool microscope
🔬,Microscope,toolkit
💔,Broken Heart,trust
💻,Laptop,business
🥪,Sandwich,lunch sandwich
🥪,Sandwich,lunchtime
🥪,Sandwich,luncheon
😴,Sleeping Face,midnight
📱,Mobile Phone,technology phone
📱,Mobile Phone,technology institute
🚗,Automobile,wheels and engine
🚗,Automobile,wheels and gears
🚗,Automobile,wheels rear engine
📍,Round Pushpin,location mark
🐱,Cat Face,domestic cat head
🐱,Cat Face,yellow cat head
🐱,Cat Face,domestic catbird
🚿,Shower,shower head
🔨,Hammer,nail hammer
🧼,Soap,soap hands
🧼,Soap,shaking hands
💰,Money Bag,prosperity
🖋️,Fountain Pen,fountain ink
🖋️,Fountain Pen,black ink
🖋️,Fountain Pen,fountain garden
🪒,Razor,hair razor
🪒,Razor,hairline
🪒,Razor,haircut
☕,Hot Beverage,warm liquid drink
☕,Hot Beverage,best liquid drink
☕,Hot Beverage,warm soft drink
☕,Hot Beverage,warm refreshing drink
🕯️,Candle,romantic lighting
🕯️,Candle,romantic romance
🕯️,Candle,emergency lighting
😭,Loudly Crying Face,sad vibes
😭,Loudly Crying Face,cool vibes
🚗,Automobile,garage parked car
🚗,Automobile,garage patrol car
🚗,Automobile,freshly parked car
🚗,Automobile,garage parked nearby
❤️,Red Heart,heart and soul
❤️,Red Heart,heart and blood
❤️,Red Heart,mind and soul
❤️,Red Heart,flesh and soul
🎈,Balloon,rubber
🔨,Hammer,repair and fix
🔨,Hammer,fix and fix
🔨,Hammer,repair and overhaul
💡,Light Bulb,idea bulb
🚽,Toilet,holy water
📓,Notebook,journal entry
📓,Notebook,journal citation
📓,Notebook,journal abstracts
📓,Notebook,sole entry
🚂,Locomotive,funnel
😂,Face with Tears of Joy,funny story
😂,Face with Tears of Joy,ghost story
😂,Face with Tears of Joy,funny creatures
🔨,Hammer,hand hammer
🔨,Hammer,handmade
🥪,Sandwich,tasty
🚀,Rocket,blast
📂,Open File Folder,folder organization
📂,Open File Folder,scout organization
🔔,Bell,golden
💰,Money Bag,dollar
🔒,Locked,shut
📱,Mobile Phone,smartphone phone
📱,Mobile Phone,smartphone app
📱,Mobile Phone,smartphone apps
🛳️,Passenger Ship,ship water
🛳️,Passenger Ship,salt water
📏,Straight Ruler,construction ruler
📏,Straight Ruler,nominal ruler
📏,Straight Ruler,supreme ruler
🍺,Beer Mug,foam
😎,Smiling Face with Sunglasses,energy only
😎,Smiling Face with Sunglasses,adults only
🔔,Bell,alert bell
🔔,Bell,alert zone
🔔,Bell,liberty bell
🛁,Bathtub,wash
🧸,Teddy Bear,memory
🌧,Cloud with Rain,rain
🌈,Rainbow,variety
🍎,Red Apple,shiny fruit surface
🍎,Red Apple,shiny dorsal surface
🍎,Red Apple,shiny fruit trees
🍎,Red Apple,hairy fruit surface
📓,Notebook,notebook paper
📓,Notebook,white paper
📓,Notebook,toilet paper
⚽,Soccer Ball,match
✨,Sparkles,magical day
✨,Sparkles,independence day
🤔,Thinking Face,questioning the logic
🤔,Thinking Face,consider the logic
🤔,Thinking Face,define the logic
🤔,Thinking Face,questioning the truth
🍎,Red Apple,apple skin
🍎,Red Apple,smooth skin
💰,Money Bag,earnings bag
💰,Money Bag,earnings index
⌚,Watch,formal watch
⌚,Watch,formality
⌚,Watch,formalities
⌚,Watch,watch track
⌚,Watch,bonus track
🪒,Razor,sharp
😂,Face with Tears of Joy,great punchline
😂,Face with Tears of Joy,main punchline
💡,Light Bulb,yellow
😍,Smiling Face with Heart-Eyes,fan girl
😍,Smiling Face with Heart-Eyes,gossip girl
😍,Smiling Face with Heart-Eyes,fanatics
🤡,Clown Face,scary clown
🤡,Clown Face,silly clown
🤡,Clown Face,circus clown
🤡,Clown Face,scary monster
🎁,Wrapped Gift,holiday gift
💔,Broken Heart,unrequited
🖋️,Fountain Pen,stationary
📍,Round Pushpin,geo mark
📍,Round Pushpin,3rd mark
📍,Round Pushpin,geophysics
📍,Round Pushpin,geograph
🙄,Face with Rolling Eyes,so over it
🙄,Face with Rolling Eyes,so did it
🙄,Face with Rolling Eyes,so does it
🙄,Face with Rolling Eyes,so over there
🎸,Guitar,work
✈️,Airplane,vacation
🌈,Rainbow,bright light
🌈,Rainbow,guiding light
🌈,Rainbow,bright sky
🌈,Rainbow,blue light
🤡,Clown Face,mockery
🤡,Clown Face,foolishness
🛋️,Couch and Lamp,decor couch
🛋️,Couch and Lamp,decorating
😊,Smiling Face with Smiling Eyes,peaceful mind
😊,Smiling Face with Smiling Eyes,your mind
😊,Smiling Face with Smiling Eyes,peacefulness
💰,Money Bag,bag of cash
💰,Money Bag,lack of cash
💰,Money Bag,bag of dynamite
💰,Money Bag,flow of cash
🪒,Razor,grooming routine
🪒,Razor,grooming techniques
🔋,Battery,battery electronic
🔋,Battery,analog electronic
🔋,Battery,battery pack
🔋,Battery,digital electronic
😂,Face with Tears of Joy,peak humor
😂,Face with Tears of Joy,funny humor
😂,Face with Tears of Joy,peak peak
📡,Satellite Antenna,waves
🚿,Shower,sphinx head
🚀,Rocket,space travel ship
🚀,Rocket,space travel simulator
🚀,Rocket,mars travel ship
🚀,Rocket,space shuttle ship
🛁,Bathtub,water soak
🛁,Bathtub,waterworks
🚲,Bicycle,health
🔥,Fire,spicy take
🔥,Fire,spicy sauce
🔥,Fire,i take
🔥,Fire,spicy chicken
🧪,Test Tube,tube testing
🧪,Test Tube,penetration testing
🧭,Compass,path finding
🧭,Compass,proof finding
🧭,Compass,theorem finding
🧭,Compass,pathological
🎁,Wrapped Gift,package
🚿,Shower,hot chocolate
🤣,Rolling on the Floor Laughing,ground
🙄,Face with Rolling Eyes,i am so annoyed
🙄,Face with Rolling Eyes,i am terribly annoyed
🙄,Face with Rolling Eyes,i felt so annoyed
🙄,Face with Rolling Eyes,i am quite annoyed
🚪,Door,handle
🔭,Telescope,tool
🔬,Microscope,discovery and study
🔬,Microscope,discovery feasibility study
🔬,Microscope,research and study
🔬,Microscope,teaching and study
😂,Face with Tears of Joy,stop it im crying
😂,Face with Tears of Joy,let it im crying
😂,Face with Tears of Joy,stop it immobile
📓,Notebook,paper notebook
📓,Notebook,paperworks
📓,Notebook,paper mill
📓,Notebook,papermaking
🐱,Cat Face,whiskers
✏️,Pencil,art pencil
✏️,Pencil,art gallery
⚽,Soccer Ball,game
📂,Open File Folder,open file
📂,Open File Folder,image file
📂,Open File Folder,picture file
🚿,Shower,washing body
🚿,Shower,naked body
🚿,Shower,lower body
🚿,Shower,upper body
🍰,Shortcake,sweets
🚗,Automobile,motor car
🚗,Automobile,motor cycles
📚,Books,love for reading
📚,Books,love and reading
📚,Books,thanks for reading
📚,Books,award for reading
🔭,Telescope,planet watching
🔭,Telescope,planetarium
🔭,Telescope,planet venus
🔭,Telescope,worth watching
🐶,Dog Face,breed dog
🥪,Sandwich,food sandwich
🥪,Sandwich,food stamps
📡,Satellite Antenna,antenna dish
📡,Satellite Antenna,rice dish
📡,Satellite Antenna,chicken dish
🚀,Rocket,project
🚿,Shower,hot water stream
🚿,Shower,salt water stream
🚿,Shower,hot spring stream
🗺️,World Map,charting a path
🗺️,World Map,follow a path
🗺️,World Map,charting the path
🎈,Balloon,child's birthday
🎈,Balloon,child's anatomy
☕,Hot Beverage,caffeine boost
☕,Hot Beverage,caffeine poisoning
☕,Hot Beverage,boost boost
🤔,Thinking Face,making a choice
🤔,Thinking Face,making a difference
🤔,Thinking Face,making your choice
🤔,Thinking Face,making a noise
📈,Chart Increasing,positive trend
📈,Chart Increasing,global trend
📈,Chart Increasing,positive feedback
🔒,Locked,locked
🔥,Fire,orange and yellow flames
🔥,Fire,orange or yellow flames
🔥,Fire,orange and red flames
🔥,Fire,orange and blue flames
📈,Chart Increasing,success
💡,Light Bulb,light idea
💡,Light Bulb,good idea
💡,Light Bulb,bad idea
💡,Light Bulb,lightwood
🚿,Shower,bathroom
🚲,Bicycle,bike path ride
🚲,Bicycle,mountain path ride
🚲,Bicycle,bike path trail
🌧,Cloud with Rain,day
🏮,Red Paper Lantern,lantern holiday
🏮,Red Paper Lantern,bank holiday
🏮,Red Paper Lantern,easter holiday
🖼️,Framed Picture,decoration
🌈,Rainbow,after rain
🌈,Rainbow,freezing rain
✈️,Airplane,flying on vacation
✈️,Airplane,girls on vacation
✈️,Airplane,kids on vacation
✈️,Airplane,flying circus vacation
💻,Laptop,typing laptop
✈️,Airplane,traveling
🍕,Pizza,cheesy pizza
🍕,Pizza,cheesy creek
🧬,DNA,science and life
🧬,DNA,faith and life
🧬,DNA,science meets life
😍,Smiling Face with Heart-Eyes,amazing view
😍,Smiling Face with Heart-Eyes,amazing stories
🏠,House,indoor house
🏠,House,indoor bowls
💊,Pill,veterinary pharmacy
🕯️,Candle,soft candle flame
🕯️,Candle,soft yellow flame
🕯️,Candle,soft candlelight
🕯️,Candle,a candle flame
✏️,Pencil,office
📈,Chart Increasing,scaling
🗺️,World Map,map geography
🗺️,World Map,physical geography
🚀,Rocket,power
💰,Money Bag,coins
🕰️,Mantelpiece Clock,clock mechanical
🐶,Dog Face,playing dog
🐶,Dog Face,playing doubles
❄️,Snowflake,snowflake crystal
❄️,Snowflake,crystal crystal
🔋,Battery,device
🛁,Bathtub,bathroom relaxation
🛁,Bathtub,bathroom suite
🛁,Bathtub,stress relaxation
🛁,Bathtub,partial relaxation
🗺️,World Map,travel
📸,Camera with Flash,visual
📑,Bookmark Tabs,tab bookmark
🍰,Shortcake,sweet cake
🍰,Shortcake,sweet sixteen
🤔,Thinking Face,i am wondering about that
🤔,Thinking Face,i am wondering about why
🤔,Thinking Face,i am wondering why that
🥪,Sandwich,slice sandwich
✏️,Pencil,graphite lead tip
✏️,Pencil,graphite oxide tip
✏️,Pencil,graphite lead oxide
😴,Sleeping Face,slumber face
😴,Sleeping Face,slumbering
😴,Sleeping Face,poker face
🔦,Flashlight,flashlight handheld
🔦,Flashlight,wii handheld
🔦,Flashlight,digital handheld
💀,Skull,life
🍦,Soft Serve,cone
🌍,Globe Showing Europe-Africa,nature
🥪,Sandwich,quick sandwich
🥪,Sandwich,quickcut
🧸,Teddy Bear,decor
🚿,Shower,shower bathroom
📈,Chart Increasing,improving every day
📈,Chart Increasing,nearly every day
📈,Chart Increasing,improving awareness day
🎈,Balloon,floating party decoration
🎈,Balloon,communist party decoration
🎈,Balloon,labour party decoration
🐶,Dog Face,dog friendly
🐶,Dog Face,wheelchair friendly
🐶,Dog Face,most friendly
📡,Satellite Antenna,space communication
📡,Satellite Antenna,organizational communication
📡,Satellite Antenna,electronic communication
📡,Satellite Antenna,mass communication
🍕,Pizza,cheesy crust pizza
🍕,Pizza,pie crust pizza
🍕,Pizza,cheesy crust soup
🍷,Wine Glass,romantic evening toast
🍷,Wine Glass,romantic cake toast
🍷,Wine Glass,friday evening toast
🔒,Locked,privacy is on
🔒,Locked,privacy subcommittee on
🔒,Locked,it is on
🔒,Locked,love is on
🕯️,Candle,candle lamp
🕯️,Candle,oil lamp
🕯️,Candle,electric lamp
🔭,Telescope,tool telescope
🔭,Telescope,toolkit
📂,Open File Folder,office
❄️,Snowflake,delicate
💻,Laptop,developer laptop
🤔,Thinking Face,undecided
✨,Sparkles,magic
🐶,Dog Face,domestic dog breed
🐶,Dog Face,domestic pig breed
🐶,Dog Face,mixed dog breed
🐶,Dog Face,feral dog breed
🕰️,Mantelpiece Clock,time clock
❤️,Red Heart,falling upon love
❤️,Red Heart,lost in love
❤️,Red Heart,madly in love
🌍,Globe Showing Europe-Africa,travel
✈️,Airplane,soaring in clouds
✈️,Airplane,soaring white clouds
✈️,Airplane,soaring blue clouds
✈️,Airplane,stranger in clouds
📍,Round Pushpin,meet here
📍,Round Pushpin,down here
📍,Round Pushpin,click here
🌍,Globe Showing Europe-Africa,news
🎸,Guitar,concert guitar
🎸,Guitar,concert tours
🎸,Guitar,concert tour
🖼️,Framed Picture,frame art
🖼️,Framed Picture,frame buffer
🍎,Red Apple,apple garden
🍎,Red Apple,sculpture garden
🔦,Flashlight,tool
😎,Smiling Face with Sunglasses,sunny vibes
😎,Smiling Face with Sunglasses,sunnydale
😎,Smiling Face with Sunglasses,sunny day
🚪,Door,entry door
🚪,Door,entrydate
🚪,Door,entry criteria
🚲,Bicycle,bike travel
🚲,Bicycle,global travel
🛏️,Bed,sleeping bed
🛏️,Bed,sleeping beauty
✨,Sparkles,glowing skin
✨,Sparkles,smooth skin
✨,Sparkles,glowing skies
🍷,Wine Glass,toast
🚿,Shower,daily routine
🚿,Shower,daily news
🚿,Shower,daily mail
🚿,Shower,routine routine
🏠,House,real estate asset
🏠,House,real life asset
🏠,House,national estate asset
🏠,House,realty asset
🎈,Balloon,party supply
🎈,Balloon,party affiliation
🎈,Balloon,party list
🎈,Balloon,water supply
🌡️,Thermometer,digital
✨,Sparkles,shine
🍰,Shortcake,dessert cake
🧬,DNA,dna genetic
🧬,DNA,dna replication
🧬,DNA,dna analysis
🔔,Bell,crowd
🚀,Rocket,fast growth
🚀,Rocket,exponential growth
🚀,Rocket,plant growth
😴,Sleeping Face,sleepy face
😴,Sleeping Face,sleepy hollow
🧪,Test Tube,science tube
🧪,Test Tube,science magazine
🧪,Test Tube,science olympiad
🔔,Bell,bell shape
🔔,Bell,leaf shape
🔔,Bell,cone shape
🧭,Compass,dial
🥗,Green Salad,raw vegetable mix
🥗,Green Salad,rawlins mix
🥗,Green Salad,raw vegetable oil
🥗,Green Salad,raw mix mix
✈️,Airplane,airport and runway
✈️,Airplane,airport and resorts
✈️,Airplane,airport short runway
🧹,Broom,broom tool
☕,Hot Beverage,boost hot
❄️,Snowflake,frozen
🍎,Red Apple,teacher
🚲,Bicycle,bike
🔌,Electric Plug,power
😍,Smiling Face with Heart-Eyes,i am lovestruck
😍,Smiling Face with Heart-Eyes,i am dying
😍,Smiling Face with Heart-Eyes,i love lovestruck
😍,Smiling Face with Heart-Eyes,bach am lovestruck
🍎,Red Apple,apple habits
🍎,Red Apple,breeding habits
⌛,Hourglass Done,measured
💰,Money Bag,dollar bag
💰,Money Bag,dollar million
📑,Bookmark Tabs,bookmark tool
🔋,Battery,battery charging
🔋,Battery,congestion charging
🔋,Battery,battery source
🔋,Battery,primary source
🥗,Green Salad,health salad
✈️,Airplane,trip
✈️,Airplane,airport runway
✈️,Airplane,paved runway
✈️,Airplane,airport express
😍,Smiling Face with Heart-Eyes,amazing style
😍,Smiling Face with Heart-Eyes,art style
🔑,Key,finding the answer
🔑,Key,finding the solution
🔑,Key,finding another answer
🔑,Key,finding no answer
🕯️,Candle,candle glow
🕯️,Candle,blue glow
🕯️,Candle,orange glow
💻,Laptop,web
🛁,Bathtub,spa
🧹,Broom,tool broom
🧹,Broom,toolworks
🧹,Broom,toolbox
📍,Round Pushpin,location pin
👍,Thumbs Up,good job
👍,Thumbs Up,good luck
👍,Thumbs Up,top job
🧬,DNA,genetic code
🧬,DNA,genetic disorders
🍦,Soft Serve,delicious
🧸,Teddy Bear,bear brown
🧸,Teddy Bear,james brown
🧸,Teddy Bear,bear creek
🧬,DNA,traits
😎,Smiling Face with Sunglasses,sunglasses emoji
😎,Smiling Face with Sunglasses,hyundai emoji
😎,Smiling Face with Sunglasses,toyota emoji
❤️,Red Heart,deep heart
❤️,Red Heart,broken heart
❤️,Red Heart,red love
❤️,Red Heart,red arrows
❤️,Red Heart,eternal love
🏠,House,house family
🏠,House,kennedy family
🏠,House,partridge family
🚂,Locomotive,iron
🤡,Clown Face,a total joke
🤡,Clown Face,101 total joke
🤡,Clown Face,a silly joke
🤣,Rolling on the Floor Laughing,cant stop laughing
🤣,Rolling on the Floor Laughing,cant keep laughing
🤣,Rolling on the Floor Laughing,please stop laughing
🤣,Rolling on the Floor Laughing,girls stop laughing
🛋️,Couch and Lamp,light
✂️,Scissors,project
🏀,Basketball,basketball net
🏀,Basketball,social net
🧸,Teddy Bear,plushie
🎈,Balloon,celebration balloon
🎈,Balloon,celebration festival
🥳,Partying Face,great vibes
🥳,Partying Face,great lakes
🥳,Partying Face,bad vibes
🏀,Basketball,day excitement
🏀,Basketball,excited excitement
🏀,Basketball,day 13
🏀,Basketball,thrilling excitement
🧬,DNA,research
🔔,Bell,sound of music
🔔,Bell,soundproof music
🔔,Bell,soundwave music
🔔,Bell,sound of drums
🥪,Sandwich,cheese
🤣,Rolling on the Floor Laughing,funniest
🔑,Key,secret key
🔑,Key,secret service
🚀,Rocket,progress
🔥,Fire,on a roll
🔥,Fire,on my roll
🔥,Fire,roll a roll
📂,Open File Folder,file open
📂,Open File Folder,french open
🏮,Red Paper Lantern,celebration
🕰️,Mantelpiece Clock,old clock
🕰️,Mantelpiece Clock,old fashioned
🛏️,Bed,rest bed
🛏️,Bed,restive
🛏️,Bed,restit
🍔,Hamburger,cheese burger
🍔,Hamburger,cheese factory
🍔,Hamburger,cheesecake
😴,Sleeping Face,sleep
✈️,Airplane,flying airplane
✈️,Airplane,flying tigers
📱,Mobile Phone,calling
📓,Notebook,ideas
🛁,Bathtub,warm water bath
🛁,Bathtub,thermal water bath
🛁,Bathtub,warm spring bath
🛁,Bathtub,mineral water bath
📏,Straight Ruler,ruler tool
📏,Straight Ruler,learning tool
📏,Straight Ruler,simulation tool
🤡,Clown Face,performer
📂,Open File Folder,folder file
🙄,Face with Rolling Eyes,impatient vibe
🙄,Face with Rolling Eyes,dj vibe
🙄,Face with Rolling Eyes,teen vibe
🛋️,Couch and Lamp,relaxing
🔬,Microscope,laboratory
🤣,Rolling on the Floor Laughing,laughing fit
🔥,Fire,campfire vibes
🔥,Fire,campfire cafe
🔥,Fire,campfire camp
🔥,Fire,campfire festival
⌚,Watch,watch wrist
⌚,Watch,broken wrist
🚪,Door,door hinges
🚪,Door,golden hinges
🍦,Soft Serve,soft cream
🍦,Soft Serve,softwood
🍦,Soft Serve,sour cream
🔋,Battery,cell
🚗,Automobile,four door sedan
🚗,Automobile,five door sedan
🚗,Automobile,four cylinder sedan
🚗,Automobile,two door sedan
🚲,Bicycle,cycling
🥗,Green Salad,lettuce salad
🥗,Green Salad,lettuce trees
🚂,Locomotive,metal train
📍,Round Pushpin,map point
📍,Round Pushpin,map projection
📚,Books,books library
📚,Books,bancroft library
📚,Books,carnegie library
🪒,Razor,tool razor
🪒,Razor,toolbox
💔,Broken Heart,aching vibes
🌧,Cloud with Rain,water for plants
🌧,Cloud with Rain,water purification plants
🌧,Cloud with Rain,water for irrigation
🌧,Cloud with Rain,habitat for plants
🔑,Key,secret to life
🔑,Key,secret to paradise
🔑,Key,welcome to life
🔑,Key,secret love life
😴,Sleeping Face,dreaming face
😴,Sleeping Face,dreaming dreams
😊,Smiling Face with Smiling Eyes,content
🍔,Hamburger,bun burger
🍔,Hamburger,bundy
🍔,Hamburger,bunge
🍔,Hamburger,bunyan
🤔,Thinking Face,reconsidering
😴,Sleeping Face,sleep face
😴,Sleeping Face,sleep deprivation
🥳,Partying Face,celebrate
🍺,Beer Mug,mug
🔑,Key,key metal
🔑,Key,heavy metal
🔑,Key,black metal
🔒,Locked,keeping things safe
🔒,Locked,keeping you safe
🔒,Locked,keeping them safe
🔒,Locked,keeping things clean
🤡,Clown Face,funny weird
🤡,Clown Face,something weird
🤡,Clown Face,funny creatures
🤡,Clown Face,funny tales
✨,Sparkles,sparkly clean
✨,Sparkles,certified clean
✨,Sparkles,sparkly blue
📑,Bookmark Tabs,marking the page
📑,Bookmark Tabs,marking this page
📑,Bookmark Tabs,marking every page
😭,Loudly Crying Face,crying in the club
😭,Loudly Crying Face,crying in paradise club
😭,Loudly Crying Face,players in the club
🛏️,Bed,pillow
🧼,Soap,germ killer
🧼,Soap,germex
🔭,Telescope,sky watch
🔭,Telescope,night watch
🏮,Red Paper Lantern,decorative lamp
🏮,Red Paper Lantern,gas lamp
🏮,Red Paper Lantern,decorative arts
☀️,Sun,sunrise
🌍,Globe Showing Europe-Africa,community earth
🌍,Globe Showing Europe-Africa,community relations
🍷,Wine Glass,spirit wine
🍷,Wine Glass,spirit quest
🥳,Partying Face,festive and fun times
🥳,Partying Face,festive weekend fun times
🥳,Partying Face,festive and fun nights
🧬,DNA,medicine dna
🧬,DNA,medicine abstracts
🧬,DNA,medicine journal
🎁,Wrapped Gift,box
⌛,Hourglass Done,ancient
🍺,Beer Mug,cold
🖼️,Framed Picture,artistic expression
🖼️,Framed Picture,artistic exhibitions
🖼️,Framed Picture,facial expression
🖼️,Framed Picture,differential expression
🔌,Electric Plug,cord plug
🔌,Electric Plug,cordelia
🔌,Electric Plug,cordon
🥗,Green Salad,plant salad
🥗,Green Salad,plantaria
🥗,Green Salad,tomato salad
🥗,Green Salad,plantain
❄️,Snowflake,temp
🔨,Hammer,work hammer
🔨,Hammer,workgroup
🔨,Hammer,workday
🍎,Red Apple,snack apple
🙄,Face with Rolling Eyes,disbelief
💊,Pill,small pill
💊,Pill,smalltalk
🍕,Pizza,delicious melted cheese
🍕,Pizza,melted melted cheese
🍕,Pizza,baked melted cheese
🍕,Pizza,delicious melted butter
📍,Round Pushpin,destination
📱,Mobile Phone,smartphone
📚,Books,learn books
📚,Books,learnable
💔,Broken Heart,deep sorrow
💔,Broken Heart,thy sorrow
💔,Broken Heart,deep purple
💔,Broken Heart,eternal sorrow
🎈,Balloon,balloon party
🎈,Balloon,janata party
🙏,Folded Hands,namaste
🔒,Locked,private lock
🙄,Face with Rolling Eyes,disbelief vibes
😎,Smiling Face with Sunglasses,beach vibes
😎,Smiling Face with Sunglasses,ghetto vibes
🎸,Guitar,loud music vibes
🎸,Guitar,loudmouth vibes
🎸,Guitar,country music vibes
🎸,Guitar,pop music vibes
💰,Money Bag,earnings
☕,Hot Beverage,drink
🌍,Globe Showing Europe-Africa,global world view
🌍,Globe Showing Europe-Africa,global world bank
🌍,Globe Showing Europe-Africa,real world view
🌍,Globe Showing Europe-Africa,bbc world view
🍔,Hamburger,juicy beef burger
🍔,Hamburger,juicy bean burger
🍔,Hamburger,juicy juicy burger
🍔,Hamburger,juicy beefcake
🗺️,World Map,geography map
🗺️,World Map,geography abstracts
🗺️,World Map,geography department
🚗,Automobile,transport
😊,Smiling Face with Smiling Eyes,glowing with inner peace
😊,Smiling Face with Smiling Eyes,peace with inner peace
😊,Smiling Face with Smiling Eyes,glowing with inner energy
⚽,Soccer Ball,soccer team
⚽,Soccer Ball,1st team
😴,Sleeping Face,quiet
🌈,Rainbow,colors
💡,Light Bulb,glowing bulb
💡,Light Bulb,glowing sky
🪒,Razor,razor hair
💰,Money Bag,money coins
💰,Money Bag,silver coins
💰,Money Bag,commemorative coins
📓,Notebook,notebook writing
📓,Notebook,script writing
🤔,Thinking Face,curious mind
🤔,Thinking Face,your mind
🤔,Thinking Face,my mind
💻,Laptop,keyboard typing
💻,Laptop,vector typing
🔔,Bell,school bell ring
🔔,Bell,school bell tower
🔔,Bell,wedding bell ring
🐱,Cat Face,cat fur
🐱,Cat Face,black fur
✨,Sparkles,shine on
✨,Sparkles,based on
✨,Sparkles,click on
✨,Sparkles,variations on
🧼,Soap,cleaning
🧬,DNA,science dna
🧬,DNA,science olympiad
🚀,Rocket,travel
📚,Books,education
🧸,Teddy Bear,animal
✏️,Pencil,pencil
🚲,Bicycle,bike vehicle
🚲,Bicycle,autonomous vehicle
🔨,Hammer,hammer tool
🔨,Hammer,hammerfest
🌡️,Thermometer,thermometer medical
🌡️,Thermometer,veterinary medical
🏮,Red Paper Lantern,pink lantern
🌧,Cloud with Rain,sad weather vibes
🌧,Cloud with Rain,bad weather vibes
🌧,Cloud with Rain,saddened vibes
📓,Notebook,spiral
🛳️,Passenger Ship,hull
🧭,Compass,finding north
🙏,Folded Hands,blessing
💻,Laptop,software life
💻,Laptop,software development
💻,Laptop,real life
🧬,DNA,biological helix
🧬,DNA,double helix
🧬,DNA,biological sciences
🌧,Cloud with Rain,grey sky rain
🌧,Cloud with Rain,cold sky rain
🌧,Cloud with Rain,grey sky skies
⌛,Hourglass Done,task time
⌛,Hourglass Done,taskmaster
🍷,Wine Glass,relaxing with alcohol
🍷,Wine Glass,relaxing liquid alcohol
🍷,Wine Glass,relaxing with pleasure
🚗,Automobile,travel by motor
🚗,Automobile,propelled by motor
🚗,Automobile,travelable motor
🚗,Automobile,steering by motor
🚪,Door,door opening
🌡️,Thermometer,thermometer temperature
🌡️,Thermometer,room temperature
🌡️,Thermometer,minimum temperature
✂️,Scissors,scissors sharp
✂️,Scissors,arthur sharp
✂️,Scissors,quentin sharp
🚪,Door,indoor
🍎,Red Apple,red
😴,Sleeping Face,sleepy
😍,Smiling Face with Heart-Eyes,eyes full of hearts
😍,Smiling Face with Heart-Eyes,eyes full of happiness
😍,Smiling Face with Heart-Eyes,eyes full of love
😍,Smiling Face with Heart-Eyes,heart full of hearts
📂,Open File Folder,data storage
🚗,Automobile,commute
✨,Sparkles,something shiny and new
✨,Sparkles,both shiny and new
✨,Sparkles,something old and new
✨,Sparkles,shiny shiny and new
📍,Round Pushpin,i'm here
📍,Round Pushpin,i'm afraid
💊,Pill,health pill
💊,Pill,health services
🌈,Rainbow,rain
⚽,Soccer Ball,world
🚂,Locomotive,engine on tracks
🚂,Locomotive,engine on wheels
🚂,Locomotive,credits on tracks
🧭,Compass,north
❤️,Red Heart,beautiful soul
❤️,Red Heart,human soul
❤️,Red Heart,beautiful beauty
❤️,Red Heart,beautiful skies
🖋️,Fountain Pen,signature pen
🖋️,Fountain Pen,signature matrix
🌧,Cloud with Rain,outside rain
💡,Light Bulb,solution
💡,Light Bulb,bulb
🙏,Folded Hands,blessed
🥪,Sandwich,snack
📡,Satellite Antenna,signal data
📡,Satellite Antenna,signal generator
📡,Satellite Antenna,signal processor
📡,Satellite Antenna,signal processing
🙄,Face with Rolling Eyes,whatever
✏️,Pencil,pencil writing
✏️,Pencil,script writing
🌈,Rainbow,colorful sky
🌈,Rainbow,colorful skies
🌈,Rainbow,blue sky
🍰,Shortcake,celebrating with sweets
🍰,Shortcake,filled with sweets
🍰,Shortcake,celebrating sweets sweets
🍰,Shortcake,stuffed with sweets
🏮,Red Paper Lantern,paper
🛁,Bathtub,bathtub water
🛁,Bathtub,holy water
🛁,Bathtub,drinking water
🚪,Door,entry
🔌,Electric Plug,connecting to power
🔌,Electric Plug,call to power
🔌,Electric Plug,connecting to mumbai
🔌,Electric Plug,connecting rail power
🍔,Hamburger,beef
🔭,Telescope,telescope astronomy
🔭,Telescope,radio astronomy
😍,Smiling Face with Heart-Eyes,amazing beauty
😍,Smiling Face with Heart-Eyes,natural beauty
⌚,Watch,punctuality and schedule
⌚,Watch,punctuality check schedule
⌚,Watch,fixtures and schedule
⌚,Watch,standings and schedule
🚿,Shower,hot
🍷,Wine Glass,wine sophisticated
🍷,Wine Glass,more sophisticated
🍷,Wine Glass,winemaker
🍷,Wine Glass,most sophisticated
🏮,Red Paper Lantern,decor
😴,Sleeping Face,exhausted
💡,Light Bulb,moment bulb
💡,Light Bulb,momentarium
😂,Face with Tears of Joy,rolling on the floor laughing
😂,Face with Tears of Joy,sitting on the floor laughing
😂,Face with Tears of Joy,rolling on the floorboards
🌧,Cloud with Rain,sad
✨,Sparkles,cleaning and glowing
✨,Sparkles,cleaning rooms glowing
💔,Broken Heart,lonely vibes
💔,Broken Heart,lonely planet
🎈,Balloon,flying in air
🎈,Balloon,flying thin air
🎈,Balloon,flying in tandem
✏️,Pencil,graphite pencil
✏️,Pencil,graphite alloys
✏️,Pencil,graphite oxide
✏️,Pencil,digital pencil
💰,Money Bag,money bag
🔔,Bell,golden bell shape
🔔,Bell,tubular bell shape
🔔,Bell,distinctive bell shape
✨,Sparkles,glow up
✨,Sparkles,glowlight
✨,Sparkles,shut up
🚿,Shower,cleaning
🎈,Balloon,air
🔨,Hammer,metal hammer head
🔨,Hammer,silver hammer head
🔨,Hammer,metalle head
🎈,Balloon,symbol
🧼,Soap,water
⌚,Watch,time
☕,Hot Beverage,drink mug
☕,Hot Beverage,mug mug
🔋,Battery,device battery
🔋,Battery,device driver
🖼️,Framed Picture,art frame
🔭,Telescope,lens
☕,Hot Beverage,boost
🐱,Cat Face,cat kitty
🧸,Teddy Bear,teddy animal
🧸,Teddy Bear,wild animal
😎,Smiling Face with Sunglasses,feeling cool and confident
😎,Smiling Face with Sunglasses,feeling cool and relaxed
😎,Smiling Face with Sunglasses,feeling cool yet confident
😎,Smiling Face with Sunglasses,feeling cool and comfortable
🤣,Rolling on the Floor Laughing,rofl
🧬,DNA,double helix dna
🧬,DNA,double stranded dna
🧬,DNA,double helix syndrome
🧬,DNA,double chain dna
🤡,Clown Face,mockery face
😂,Face with Tears of Joy,tears of laughter
😂,Face with Tears of Joy,tears from laughter
😂,Face with Tears of Joy,sounds of laughter
💔,Broken Heart,pieces of a heart
💔,Broken Heart,portrait of a heart
💔,Broken Heart,heart of a heart
💔,Broken Heart,pieces of a wall
🐶,Dog Face,man
🔋,Battery,green
🙏,Folded Hands,thank you from bottom of heart
🙏,Folded Hands,thank you from kindness of heart
🙏,Folded Hands,thank god from bottom of heart
🙏,Folded Hands,thank you from bottom of line
🧺,Basket,wicker
🐶,Dog Face,ears
🧭,Compass,explorer
🐱,Cat Face,kitty cat
🐱,Cat Face,cheshire cat
🐱,Cat Face,kitty hawk
🌧,Cloud with Rain,umbrella
🔬,Microscope,lens microscope
🔬,Microscope,lensage
🔬,Microscope,lens reflex
🛋️,Couch and Lamp,watching tv
🛋️,Couch and Lamp,hum tv
🛋️,Couch and Lamp,zee tv
🥪,Sandwich,cheesecake
📸,Camera with Flash,light
🤔,Thinking Face,deep thought and pondering
🤔,Thinking Face,deepening and pondering
🤔,Thinking Face,careful thought and pondering
🤔,Thinking Face,deep thought and understanding
📸,Camera with Flash,camera photo
📸,Camera with Flash,google photo
📸,Camera with Flash,camera lenses
🚪,Door,door gate
🚪,Door,toll gate
🚀,Rocket,growth
🔋,Battery,storage
🧪,Test Tube,solutions
🔋,Battery,life battery
🔋,Battery,lifeline
❄️,Snowflake,skiing and skating
❄️,Snowflake,skiing speed skating
❄️,Snowflake,skiing figure skating
❄️,Snowflake,skiing and hiking
💊,Pill,small
🏀,Basketball,dribbling the rock
🏀,Basketball,dribbling the beans
🏀,Basketball,on the rock
☕,Hot Beverage,warm
🕰️,Mantelpiece Clock,classic clock
🚲,Bicycle,outdoor bike
🚲,Bicycle,outdoor swimming
🙄,Face with Rolling Eyes,frustration face
🙄,Face with Rolling Eyes,smiley face
🙄,Face with Rolling Eyes,poker face
🧹,Broom,broom manual
🧹,Broom,user manual
🧹,Broom,personnel manual
🎈,Balloon,celebration
🚽,Toilet,toilet flushing
🚽,Toilet,port flushing
🚽,Toilet,glen flushing
🚽,Toilet,west flushing
🍕,Pizza,junk food for dinner
🍕,Pizza,junk food buffet dinner
🍕,Pizza,prepared food for dinner
🍕,Pizza,junk soup for dinner
🔋,Battery,cell battery
🔋,Battery,cell cycle
🔋,Battery,cell division
🕯️,Candle,emergency
🔌,Electric Plug,electricity source
🔌,Electric Plug,electricity supply
🔌,Electric Plug,electricity generation
🔌,Electric Plug,data source
🤡,Clown Face,clown face
🤡,Clown Face,clown posse
🤡,Clown Face,clown circus
🔥,Fire,absolute fire
🔥,Fire,forest fire
🔥,Fire,cease fire
🚂,Locomotive,historical travel
🚂,Locomotive,historical society
🚂,Locomotive,google travel
🚂,Locomotive,global travel
📱,Mobile Phone,phone technology
📱,Mobile Phone,advanced technology
⌛,Hourglass Done,sand timer
⌛,Hourglass Done,bonus timer
🥳,Partying Face,celebration time
🥳,Partying Face,celebration day
😎,Smiling Face with Sunglasses,sunny
✂️,Scissors,blades
🐶,Dog Face,barking
🍺,Beer Mug,ale
🧪,Test Tube,scientific testing
🧪,Test Tube,reliability testing
😭,Loudly Crying Face,this is so unfair
😭,Loudly Crying Face,love is so unfair
😭,Loudly Crying Face,this is called unfair
📑,Bookmark Tabs,tabs page
📑,Bookmark Tabs,wikipedia page
📑,Bookmark Tabs,profile page
📑,Bookmark Tabs,facebook page
✏️,Pencil,draft
🥳,Partying Face,party time
🔭,Telescope,sky exploration
🔭,Telescope,petroleum exploration
🔭,Telescope,skype
🔭,Telescope,space exploration
⌛,Hourglass Done,hourglass sand
⌛,Hourglass Done,red sand
⌛,Hourglass Done,soft sand
🍎,Red Apple,healthy apple
🍎,Red Apple,healthy lifestyle
🌈,Rainbow,diversity
💻,Laptop,coding
✂️,Scissors,scissors metal
✂️,Scissors,heavy metal
✂️,Scissors,black metal
🧬,DNA,biological dna
🧬,DNA,biological diversity
💡,Light Bulb,moment
🚀,Rocket,space
🤔,Thinking Face,serious thought
🤔,Thinking Face,serious crime
🤔,Thinking Face,serious issues
🤔,Thinking Face,good thought
🎸,Guitar,band guitar
🎸,Guitar,bandura
📱,Mobile Phone,mobile
😂,Face with Tears of Joy,dying inside laughing
😂,Face with Tears of Joy,dying babies laughing
😂,Face with Tears of Joy,everybody inside laughing
😂,Face with Tears of Joy,deep inside laughing
🤣,Rolling on the Floor Laughing,comedy